{
  "title": "FruitsField - Original",
  "phases": [
    {
      "no": "1",
      "width": 20,
      "height": 12,
      "map": [
        9, 9, 9, 9, 9, 9, 9, 9, 9, 9, 9, 9, 9, 9, 9, 9, 9, 9, 9, 9,
        9, 9, 9, 9, 9, 9, 9, 9, 9, 9, 9, 9, 9, 9, 9, 9, 9, 9, 9, 9,
        9, 9, 9, 9, 9, 0, 9, 9, 9, 9, 9, 9, 9, 9, 9, 9, 9, 9, 9, 9,
        9, 9, 9, 9, 0, 8, 0, 0, 2, 8, 0, 9, 9, 9, 0, 0, 0, 0, 9, 9,
        9, 9, 9, 9, 0, 9, 9, 0, 9, 9, 0, 9, 9, 9, 0, 9, 9, 0, 9, 9,
        9, 9, 7, 1, 6, 0, 9, 0, 6, 6, 1, 6, 0, 0, 0, 0, 4, 1, 9, 9,
        9, 9, 9, 9, 9, 9, 9, 0, 9, 9, 0, 9, 9, 9, 0, 9, 9, 0, 9, 9,
        9, 9, 9, 9, 1, 2, 0, 0, 4, 6, 0, 9, 9, 9, 0, 0, 0, 9, 9, 9,
        9, 9, 9, 9, 9, 0, 9, 9, 9, 9, 9, 9, 9, 9, 9, 9, 9, 9, 9, 9,
        9, 9, 9, 9, 9, 9, 9, 9, 9, 9, 9, 9, 9, 9, 9, 9, 9, 9, 9, 9,
        9, 9, 9, 9, 9, 9, 9, 9, 9, 9, 9, 9, 9, 9, 9, 9, 9, 9, 9, 9,
        9, 9, 9, 9, 9, 9, 9, 9, 9, 9, 9, 9, 9, 9, 9, 9, 9, 9, 9, 9
      ]
    },
    {
      "no": "2",
      "width": 20,
      "height": 12,
      "map": [
        9, 9, 9, 9, 9, 9, 9, 9, 9, 9, 9, 9, 9, 9, 9, 9, 9, 9, 9, 9,
        9, 9, 9, 9, 9, 9, 9, 9, 9, 9, 9, 9, 9, 9, 9, 9, 9, 9, 9, 9,
        9, 9, 9, 9, 9, 9, 9, 9, 9, 9, 9, 9, 9, 9, 9, 9, 9, 9, 9, 9,
        9, 9, 9, 9, 9, 9, 9, 9, 9, 9, 9, 9, 9, 9, 9, 9, 9, 9, 9, 9,
        9, 9, 9, 9, 9, 0, 0, 0, 0, 0, 0, 0, 0, 0, 0, 0, 7, 9, 9, 9,
        9, 9, 0, 0, 0, 0, 9, 9, 9, 9, 9, 9, 9, 9, 9, 8, 2, 1, 9, 9,
        9, 9, 6, 1, 4, 0, 0, 0, 0, 0, 0, 0, 0, 0, 0, 1, 0, 9, 9, 9,
        9, 9, 9, 9, 9, 9, 9, 9, 9, 9, 9, 9, 9, 9, 9, 2, 8, 1, 9, 9,
        9, 9, 9, 9, 9, 9, 9, 9, 9, 9, 9, 9, 9, 9, 9, 9, 9, 9, 9, 9,
        9, 9, 9, 9, 9, 9, 9, 9, 9, 9, 9, 9, 9, 9, 9, 9, 9, 9, 9, 9,
        9, 9, 9, 9, 9, 9, 9, 9, 9, 9, 9, 9, 9, 9, 9, 9, 9, 9, 9, 9,
        9, 9, 9, 9, 9, 9, 9, 9, 9, 9, 9, 9, 9, 9, 9, 9, 9, 9, 9, 9
      ]
    },
    {
      "no": "3",
      "width": 20,
      "height": 12,
      "map": [
        9, 9, 9, 9, 9, 9, 9, 9, 9, 9, 9, 9, 9, 9, 9, 9, 9, 9, 9, 9,
        9, 9, 0, 0, 0, 0, 0, 0, 2, 4, 4, 8, 2, 2, 4, 8, 8, 6, 9, 9,
        9, 9, 0, 0, 0, 9, 0, 0, 2, 2, 2, 8, 8, 2, 8, 6, 6, 8, 9, 9,
        9, 9, 0, 0, 9, 1, 2, 0, 4, 2, 6, 8, 2, 4, 8, 4, 8, 8, 9, 9,
        9, 9, 0, 0, 0, 9, 0, 0, 2, 2, 2, 8, 6, 8, 6, 2, 8, 6, 9, 9,
        9, 9, 0, 0, 0, 9, 0, 0, 8, 8, 4, 4, 8, 4, 4, 2, 8, 4, 9, 9,
        9, 9, 0, 0, 0, 9, 0, 0, 9, 6, 2, 4, 7, 6, 6, 6, 6, 2, 9, 9,
        9, 9, 0, 0, 0, 9, 0, 0, 0, 6, 0, 0, 0, 0, 0, 0, 0, 4, 9, 9,
        9, 9, 0, 0, 9, 1, 8, 0, 0, 6, 0, 0, 0, 0, 0, 0, 0, 0, 9, 9,
        9, 9, 0, 0, 0, 9, 0, 0, 0, 0, 0, 0, 0, 0, 0, 0, 0, 0, 9, 9,
        9, 9, 0, 0, 0, 0, 0, 0, 0, 0, 0, 0, 8, 2, 0, 0, 0, 0, 9, 9,
        9, 9, 9, 9, 9, 9, 9, 9, 9, 9, 9, 9, 9, 9, 9, 9, 9, 9, 9, 9
      ]
    },
    {
      "no": "4",
      "width": 20,
      "height": 12,
      "map": [
        9, 9, 9, 9, 9, 9, 9, 9, 9, 9, 9, 9, 9, 9, 9, 9, 9, 9, 9, 9,
        9, 9, 6, 0, 0, 0, 0, 0, 4, 1, 1, 6, 0, 0, 0, 0, 0, 4, 9, 9,
        9, 9, 1, 6, 0, 0, 0, 0, 0, 4, 6, 0, 0, 0, 0, 0, 4, 9, 9, 9,
        9, 9, 1, 9, 6, 0, 0, 0, 9, 4, 6, 0, 0, 0, 0, 4, 1, 1, 9, 9,
        9, 9, 1, 0, 9, 6, 0, 0, 4, 9, 1, 6, 0, 0, 4, 9, 0, 1, 9, 9,
        9, 9, 1, 0, 0, 9, 6, 6, 9, 1, 1, 9, 4, 4, 9, 0, 0, 1, 9, 9,
        9, 9, 1, 0, 0, 1, 6, 6, 1, 1, 9, 1, 4, 4, 1, 0, 0, 1, 9, 9,
        9, 9, 1, 0, 1, 6, 0, 0, 6, 9, 7, 4, 0, 0, 4, 1, 0, 1, 9, 9,
        9, 9, 1, 1, 6, 0, 0, 0, 0, 4, 6, 0, 0, 0, 0, 4, 1, 1, 9, 9,
        9, 9, 1, 6, 0, 0, 0, 0, 0, 4, 6, 0, 0, 0, 0, 0, 4, 1, 9, 9,
        9, 9, 6, 0, 0, 0, 0, 0, 4, 1, 1, 6, 0, 0, 0, 0, 0, 4, 9, 9,
        9, 9, 9, 9, 9, 9, 9, 9, 9, 9, 9, 9, 9, 9, 9, 9, 9, 9, 9, 9
      ]
    },
    {
      "no": "5",
      "width": 20,
      "height": 12,
      "map": [
        9, 9, 9, 9, 9, 9, 9, 9, 9, 9, 9, 9, 9, 9, 9, 9, 9, 9, 9, 9,
        9, 9, 9, 1, 9, 0, 0, 0, 4, 0, 2, 2, 0, 0, 0, 9, 0, 0, 9, 9,
        9, 9, 9, 2, 6, 0, 0, 0, 0, 0, 0, 0, 0, 0, 4, 1, 9, 0, 9, 9,
        9, 9, 0, 0, 0, 0, 8, 0, 2, 2, 0, 0, 4, 0, 0, 9, 0, 0, 9, 9,
        9, 9, 0, 0, 0, 0, 0, 8, 0, 0, 0, 0, 4, 0, 0, 0, 0, 0, 9, 9,
        9, 9, 0, 0, 4, 0, 6, 0, 0, 0, 7, 0, 0, 8, 4, 0, 0, 0, 9, 9,
        9, 9, 0, 0, 0, 0, 0, 2, 0, 0, 0, 0, 0, 4, 0, 0, 0, 0, 9, 9,
        9, 9, 0, 0, 0, 4, 0, 0, 0, 0, 0, 0, 0, 0, 0, 0, 0, 0, 9, 9,
        9, 9, 0, 0, 0, 0, 0, 0, 0, 0, 0, 8, 0, 8, 0, 0, 0, 9, 9, 9,
        9, 9, 0, 0, 6, 0, 0, 0, 0, 0, 0, 0, 0, 0, 0, 0, 4, 1, 9, 9,
        9, 9, 0, 8, 1, 9, 0, 0, 0, 0, 0, 1, 0, 0, 0, 0, 0, 9, 9, 9,
        9, 9, 9, 9, 9, 9, 9, 9, 9, 9, 9, 9, 9, 9, 9, 9, 9, 9, 9, 9
      ]
    },
    {
      "no": "6",
      "width": 20,
      "height": 12,
      "map": [
        9, 9, 9, 9, 9, 9, 9, 9, 9, 9, 9, 9, 9, 9, 9, 9, 9, 9, 9, 9,
        9, 9, 7, 0, 6, 0, 0, 0, 0, 0, 0, 0, 0, 0, 0, 0, 0, 4, 9, 9,
        9, 9, 2, 2, 9, 0, 9, 9, 9, 4, 4, 2, 9, 4, 2, 9, 2, 0, 9, 9,
        9, 9, 0, 2, 9, 0, 0, 0, 9, 2, 6, 9, 9, 8, 2, 9, 0, 2, 9, 9,
        9, 9, 0, 4, 9, 6, 8, 0, 9, 6, 8, 0, 9, 2, 6, 9, 0, 0, 9, 9,
        9, 9, 8, 2, 9, 1, 2, 0, 9, 1, 6, 0, 9, 4, 2, 9, 8, 0, 9, 9,
        9, 9, 0, 2, 9, 2, 4, 0, 9, 9, 9, 0, 9, 1, 2, 9, 0, 0, 9, 9,
        9, 9, 2, 0, 0, 0, 0, 8, 0, 4, 6, 0, 0, 6, 4, 0, 0, 0, 9, 9,
        9, 9, 0, 8, 0, 0, 0, 9, 1, 9, 9, 0, 0, 0, 0, 0, 0, 8, 9, 9,
        9, 9, 8, 0, 9, 9, 9, 9, 9, 9, 9, 9, 9, 9, 9, 9, 0, 0, 9, 9,
        9, 9, 1, 6, 0, 0, 0, 0, 0, 0, 0, 0, 0, 0, 0, 0, 0, 4, 9, 9,
        9, 9, 9, 9, 9, 9, 9, 9, 9, 9, 9, 9, 9, 9, 9, 9, 9, 9, 9, 9
      ]
    },
    {
      "no": "7",
      "width": 20,
      "height": 12,
      "map": [
        9, 9, 9, 9, 9, 9, 9, 9, 9, 9, 9, 9, 9, 9, 9, 9, 9, 9, 9, 9,
        9, 9, 0, 9, 1, 9, 0, 0, 6, 2, 2, 4, 8, 1, 9, 1, 9, 0, 9, 9,
        9, 9, 0, 0, 2, 0, 0, 8, 9, 0, 8, 2, 8, 1, 0, 2, 0, 4, 9, 9,
        9, 9, 9, 0, 0, 0, 0, 1, 0, 0, 1, 6, 6, 1, 0, 0, 0, 9, 9, 9,
        9, 9, 1, 6, 0, 0, 0, 0, 0, 0, 0, 0, 0, 0, 0, 0, 4, 1, 9, 9,
        9, 9, 9, 0, 0, 6, 6, 0, 1, 0, 0, 0, 0, 0, 0, 0, 4, 9, 9, 9,
        9, 9, 9, 1, 0, 0, 0, 0, 0, 0, 0, 0, 0, 4, 9, 8, 0, 0, 9, 9,
        9, 9, 1, 6, 0, 0, 0, 0, 0, 0, 0, 0, 0, 4, 1, 9, 0, 0, 9, 9,
        9, 9, 9, 0, 0, 0, 0, 0, 0, 6, 8, 1, 2, 0, 9, 7, 0, 0, 9, 9,
        9, 9, 6, 0, 8, 0, 9, 0, 6, 8, 0, 6, 9, 0, 0, 0, 0, 9, 9, 9,
        9, 9, 0, 9, 1, 9, 1, 6, 0, 0, 0, 0, 0, 0, 0, 0, 4, 1, 9, 9,
        9, 9, 9, 9, 9, 9, 9, 9, 9, 9, 9, 9, 9, 9, 9, 9, 9, 9, 9, 9
      ]
    },
    {
      "no": "8",
      "width": 20,
      "height": 12,
      "map": [
        9, 9, 9, 9, 9, 9, 9, 9, 9, 9, 9, 9, 9, 9, 9, 9, 9, 9, 9, 9,
        9, 9, 0, 2, 0, 0, 0, 0, 0, 0, 0, 2, 0, 0, 0, 2, 0, 0, 9, 9,
        9, 9, 0, 0, 8, 2, 2, 9, 0, 0, 0, 0, 0, 0, 0, 6, 9, 0, 9, 9,
        9, 9, 6, 0, 4, 2, 8, 9, 9, 9, 9, 8, 0, 0, 0, 9, 9, 2, 9, 9,
        9, 9, 2, 0, 4, 2, 2, 9, 8, 6, 4, 6, 6, 9, 8, 9, 1, 0, 9, 9,
        9, 9, 0, 8, 0, 0, 8, 9, 8, 1, 4, 8, 1, 9, 1, 8, 9, 0, 9, 9,
        9, 9, 0, 0, 0, 2, 1, 6, 4, 9, 8, 6, 9, 9, 2, 6, 8, 8, 9, 9,
        9, 9, 0, 2, 0, 0, 8, 6, 4, 2, 4, 4, 6, 0, 0, 0, 4, 2, 9, 9,
        9, 9, 6, 0, 4, 0, 9, 0, 2, 2, 6, 6, 6, 0, 0, 0, 0, 0, 9, 9,
        9, 9, 0, 0, 2, 0, 9, 2, 4, 4, 4, 4, 8, 0, 8, 0, 0, 8, 9, 9,
        9, 9, 6, 0, 0, 8, 0, 0, 6, 6, 6, 6, 6, 0, 0, 0, 4, 7, 9, 9,
        9, 9, 9, 9, 9, 9, 9, 9, 9, 9, 9, 9, 9, 9, 9, 9, 9, 9, 9, 9
      ]
    },
    {
      "no": "9",
      "width": 20,
      "height": 12,
      "map": [
        9, 9, 9, 9, 9, 9, 9, 9, 9, 9, 9, 9, 9, 9, 9, 9, 9, 9, 9, 9,
        9, 9, 0, 9, 1, 1, 9, 0, 0, 0, 2, 1, 2, 2, 0, 0, 0, 9, 9, 9,
        9, 9, 0, 1, 2, 2, 0, 8, 6, 0, 0, 2, 0, 0, 0, 4, 0, 0, 9, 9,
        9, 9, 9, 0, 0, 0, 0, 4, 2, 0, 0, 0, 0, 0, 4, 0, 0, 1, 9, 9,
        9, 9, 9, 1, 0, 0, 2, 0, 0, 2, 0, 0, 4, 8, 0, 0, 0, 9, 9, 9,
        9, 9, 0, 0, 0, 0, 2, 0, 0, 1, 1, 0, 0, 0, 0, 0, 2, 1, 9, 9,
        9, 9, 0, 6, 0, 0, 0, 0, 0, 0, 0, 0, 2, 0, 0, 0, 0, 9, 9, 9,
        9, 9, 6, 0, 0, 0, 7, 0, 0, 0, 4, 0, 0, 0, 0, 0, 8, 1, 9, 9,
        9, 9, 0, 6, 0, 0, 0, 0, 9, 0, 0, 0, 0, 9, 0, 0, 0, 9, 9, 9,
        9, 9, 0, 0, 8, 8, 0, 8, 6, 0, 1, 0, 8, 6, 2, 9, 0, 0, 9, 9,
        9, 9, 1, 9, 1, 1, 9, 0, 1, 0, 0, 9, 1, 9, 1, 9, 0, 1, 9, 9,
        9, 9, 9, 9, 9, 9, 9, 9, 9, 9, 9, 9, 9, 9, 9, 9, 9, 9, 9, 9
      ]
    },
    {
      "no": "10",
      "width": 20,
      "height": 12,
      "map": [
        9, 9, 9, 9, 9, 9, 9, 9, 9, 9, 9, 9, 9, 9, 9, 9, 9, 9, 9, 9,
        9, 9, 7, 0, 0, 0, 0, 2, 0, 0, 0, 0, 0, 9, 2, 0, 0, 0, 9, 9,
        9, 9, 0, 9, 0, 0, 0, 0, 9, 9, 4, 2, 6, 6, 0, 0, 0, 0, 9, 9,
        9, 9, 0, 9, 0, 9, 0, 0, 9, 1, 8, 9, 4, 9, 0, 0, 0, 0, 9, 9,
        9, 9, 0, 9, 0, 8, 0, 0, 9, 2, 0, 0, 0, 9, 8, 2, 2, 0, 9, 9,
        9, 9, 0, 9, 4, 1, 6, 0, 9, 8, 9, 9, 0, 9, 0, 9, 0, 2, 9, 9,
        9, 9, 0, 9, 0, 2, 2, 0, 9, 8, 6, 6, 6, 9, 0, 6, 0, 0, 9, 9,
        9, 9, 0, 9, 6, 0, 0, 4, 9, 4, 4, 4, 8, 9, 0, 4, 8, 0, 9, 9,
        9, 9, 0, 9, 1, 8, 9, 1, 9, 8, 6, 6, 8, 9, 0, 9, 0, 0, 9, 9,
        9, 9, 0, 9, 9, 9, 9, 9, 9, 4, 8, 2, 6, 9, 9, 9, 0, 8, 9, 9,
        9, 9, 0, 0, 0, 0, 0, 0, 0, 0, 6, 0, 0, 0, 0, 0, 4, 1, 9, 9,
        9, 9, 9, 9, 9, 9, 9, 9, 9, 9, 9, 9, 9, 9, 9, 9, 9, 9, 9, 9
      ]
    },
    {
      "no": "11",
      "width": 20,
      "height": 12,
      "map": [
        9, 9, 9, 9, 9, 9, 9, 9, 9, 9, 9, 9, 9, 9, 9, 9, 9, 9, 9, 9,
        9, 9, 7, 2, 0, 2, 0, 0, 0, 0, 9, 1, 9, 0, 0, 0, 0, 0, 9, 9,
        9, 9, 0, 0, 0, 0, 0, 0, 0, 0, 0, 2, 0, 0, 0, 0, 0, 0, 9, 9,
        9, 9, 0, 0, 0, 1, 0, 0, 0, 0, 0, 0, 0, 1, 0, 0, 0, 0, 9, 9,
        9, 9, 9, 0, 0, 0, 0, 0, 0, 0, 0, 0, 6, 0, 0, 0, 0, 4, 9, 9,
        9, 9, 1, 6, 0, 0, 0, 0, 0, 4, 8, 8, 0, 2, 0, 0, 0, 0, 9, 9,
        9, 9, 9, 0, 0, 0, 0, 0, 0, 4, 1, 6, 0, 0, 0, 0, 0, 9, 9, 9,
        9, 9, 0, 0, 0, 8, 0, 0, 0, 2, 2, 6, 0, 0, 0, 0, 4, 1, 9, 9,
        9, 9, 6, 0, 0, 0, 4, 0, 0, 0, 0, 0, 0, 0, 1, 0, 0, 9, 9, 9,
        9, 9, 0, 0, 0, 1, 0, 0, 0, 8, 0, 0, 0, 8, 0, 0, 0, 0, 9, 9,
        9, 9, 0, 0, 8, 0, 0, 0, 9, 1, 9, 0, 0, 0, 0, 0, 0, 0, 9, 9,
        9, 9, 9, 9, 9, 9, 9, 9, 9, 9, 9, 9, 9, 9, 9, 9, 9, 9, 9, 9
      ]
    },
    {
      "no": "12",
      "width": 20,
      "height": 12,
      "map": [
        9, 9, 9, 9, 9, 9, 9, 9, 9, 9, 9, 9, 9, 9, 9, 9, 9, 9, 9, 9,
        9, 9, 1, 0, 6, 0, 4, 2, 0, 0, 6, 0, 0, 0, 0, 0, 4, 1, 9, 9,
        9, 9, 2, 9, 7, 2, 9, 0, 2, 9, 1, 9, 2, 9, 9, 9, 0, 2, 9, 9,
        9, 9, 0, 4, 2, 0, 9, 0, 0, 0, 4, 9, 0, 0, 4, 0, 0, 0, 9, 9,
        9, 9, 8, 0, 0, 8, 0, 0, 9, 2, 9, 9, 6, 0, 4, 0, 0, 0, 9, 9,
        9, 9, 0, 0, 9, 2, 9, 8, 0, 6, 0, 9, 9, 0, 9, 0, 9, 0, 9, 9,
        9, 9, 9, 0, 9, 6, 0, 0, 4, 9, 0, 6, 2, 0, 0, 0, 9, 0, 9, 9,
        9, 9, 9, 0, 9, 1, 9, 9, 1, 9, 0, 9, 0, 8, 9, 0, 9, 0, 9, 9,
        9, 9, 6, 0, 0, 4, 0, 0, 6, 4, 0, 0, 0, 0, 0, 4, 9, 0, 9, 9,
        9, 9, 1, 9, 9, 9, 9, 9, 9, 9, 9, 9, 0, 9, 9, 6, 0, 8, 9, 9,
        9, 9, 0, 0, 0, 0, 0, 0, 0, 0, 4, 1, 6, 0, 0, 0, 4, 1, 9, 9,
        9, 9, 9, 9, 9, 9, 9, 9, 9, 9, 9, 9, 9, 9, 9, 9, 9, 9, 9, 9
      ]
    },
    {
      "no": "13",
      "width": 20,
      "height": 12,
      "map": [
        9, 9, 9, 9, 9, 9, 9, 9, 9, 9, 9, 9, 9, 9, 9, 9, 9, 9, 9, 9,
        9, 9, 9, 1, 9, 1, 9, 0, 0, 9, 1, 2, 0, 9, 9, 7, 6, 6, 9, 9,
        9, 9, 0, 6, 0, 4, 0, 0, 0, 0, 9, 0, 0, 0, 0, 9, 4, 2, 9, 9,
        9, 9, 1, 0, 0, 0, 0, 0, 6, 0, 0, 0, 4, 4, 4, 9, 2, 6, 9, 9,
        9, 9, 1, 0, 0, 6, 2, 0, 0, 0, 9, 0, 0, 0, 0, 9, 4, 2, 9, 9,
        9, 9, 0, 0, 2, 6, 0, 0, 8, 9, 1, 8, 0, 9, 9, 6, 2, 6, 9, 9,
        9, 9, 6, 6, 0, 0, 0, 8, 0, 0, 9, 9, 9, 2, 2, 2, 2, 2, 9, 9,
        9, 9, 8, 4, 0, 0, 0, 0, 0, 6, 2, 0, 0, 0, 0, 0, 0, 0, 9, 9,
        9, 9, 8, 2, 0, 0, 0, 0, 0, 0, 4, 0, 0, 8, 8, 0, 0, 0, 9, 9,
        9, 9, 4, 2, 8, 9, 0, 0, 0, 0, 0, 0, 0, 0, 0, 0, 0, 4, 9, 9,
        9, 9, 2, 6, 9, 1, 8, 0, 0, 9, 0, 9, 0, 9, 0, 0, 8, 0, 9, 9,
        9, 9, 9, 9, 9, 9, 9, 9, 9, 9, 9, 9, 9, 9, 9, 9, 9, 9, 9, 9
      ]
    },
    {
      "no": "14",
      "width": 20,
      "height": 12,
      "map": [
        9, 9, 9, 9, 9, 9, 9, 9, 9, 9, 9, 9, 9, 9, 9, 9, 9, 9, 9, 9,
        9, 9, 1, 4, 1, 8, 9, 1, 9, 0, 0, 2, 0, 0, 0, 1, 1, 1, 9, 9,
        9, 9, 6, 1, 4, 1, 8, 2, 0, 0, 4, 0, 0, 0, 0, 1, 1, 1, 9, 9,
        9, 9, 9, 1, 9, 6, 1, 0, 0, 0, 0, 6, 0, 0, 0, 0, 0, 0, 9, 9,
        9, 9, 1, 9, 1, 9, 0, 0, 0, 0, 0, 2, 0, 0, 8, 0, 0, 0, 9, 9,
        9, 9, 6, 0, 4, 0, 0, 0, 0, 0, 0, 0, 0, 0, 0, 0, 0, 0, 9, 9,
        9, 9, 0, 0, 0, 9, 0, 0, 0, 6, 4, 8, 8, 0, 0, 0, 0, 9, 9, 9,
        9, 9, 9, 8, 9, 1, 6, 0, 0, 0, 0, 0, 0, 0, 0, 0, 4, 1, 9, 9,
        9, 9, 9, 4, 8, 9, 9, 0, 0, 0, 0, 0, 8, 0, 0, 8, 0, 9, 9, 9,
        9, 9, 9, 9, 4, 8, 9, 0, 8, 0, 6, 0, 4, 0, 0, 0, 0, 0, 9, 9,
        9, 9, 9, 9, 9, 4, 4, 8, 0, 9, 1, 9, 1, 9, 0, 0, 0, 7, 9, 9,
        9, 9, 9, 9, 9, 9, 9, 9, 9, 9, 9, 9, 9, 9, 9, 9, 9, 9, 9, 9
      ]
    },
    {
      "no": "15",
      "width": 20,
      "height": 12,
      "map": [
        9, 9, 9, 9, 9, 9, 9, 9, 9, 9, 9, 9, 9, 9, 9, 9, 9, 9, 9, 9,
        9, 9, 0, 2, 2, 0, 6, 0, 0, 0, 4, 0, 0, 2, 2, 0, 0, 1, 9, 9,
        9, 9, 6, 0, 0, 0, 0, 0, 0, 0, 2, 0, 0, 2, 0, 0, 0, 2, 9, 9,
        9, 9, 0, 0, 8, 0, 2, 2, 0, 0, 0, 0, 0, 0, 0, 2, 6, 0, 9, 9,
        9, 9, 0, 0, 2, 8, 0, 0, 6, 0, 0, 0, 4, 0, 0, 0, 2, 8, 9, 9,
        9, 9, 6, 0, 0, 0, 0, 8, 0, 0, 6, 0, 0, 0, 0, 0, 0, 4, 9, 9,
        9, 9, 6, 0, 8, 6, 0, 0, 0, 4, 7, 6, 0, 0, 0, 0, 0, 4, 9, 9,
        9, 9, 0, 6, 0, 0, 0, 0, 0, 0, 4, 2, 0, 0, 0, 0, 0, 2, 9, 9,
        9, 9, 0, 6, 0, 4, 6, 6, 0, 0, 0, 0, 0, 0, 0, 0, 0, 4, 9, 9,
        9, 9, 2, 6, 0, 2, 0, 0, 6, 0, 8, 8, 0, 0, 0, 0, 0, 0, 9, 9,
        9, 9, 8, 1, 9, 1, 9, 0, 0, 6, 0, 0, 0, 4, 0, 0, 0, 0, 9, 9,
        9, 9, 9, 9, 9, 9, 9, 9, 9, 9, 9, 9, 9, 9, 9, 9, 9, 9, 9, 9
      ]
    },
    {
      "no": "16",
      "width": 20,
      "height": 12,
      "map": [
        9, 9, 9, 9, 9, 9, 9, 9, 9, 9, 9, 9, 9, 9, 9, 9, 9, 9, 9, 9,
        9, 9, 8, 6, 2, 8, 6, 6, 6, 6, 2, 8, 2, 8, 6, 2, 6, 6, 9, 9,
        9, 9, 8, 2, 8, 8, 6, 4, 2, 2, 2, 2, 8, 4, 6, 0, 6, 2, 9, 9,
        9, 9, 8, 2, 6, 1, 1, 6, 6, 6, 0, 4, 8, 2, 6, 0, 6, 0, 9, 9,
        9, 9, 7, 6, 6, 6, 4, 2, 8, 8, 2, 2, 8, 8, 6, 0, 4, 0, 9, 9,
        9, 9, 2, 8, 4, 4, 4, 4, 4, 2, 2, 8, 8, 4, 4, 0, 4, 8, 9, 9,
        9, 9, 2, 8, 2, 6, 6, 6, 6, 1, 8, 8, 1, 4, 6, 8, 4, 0, 9, 9,
        9, 9, 2, 2, 2, 6, 6, 6, 6, 1, 6, 0, 0, 4, 6, 0, 4, 8, 9, 9,
        9, 9, 2, 2, 2, 4, 4, 4, 2, 8, 2, 2, 2, 8, 4, 2, 2, 8, 9, 9,
        9, 9, 2, 8, 2, 6, 6, 6, 6, 6, 6, 6, 6, 6, 2, 6, 4, 0, 9, 9,
        9, 9, 2, 6, 6, 6, 6, 6, 6, 6, 6, 6, 4, 8, 6, 6, 6, 1, 9, 9,
        9, 9, 9, 9, 9, 9, 9, 9, 9, 9, 9, 9, 9, 9, 9, 9, 9, 9, 9, 9
      ]
    },
    {
      "no": "17",
      "width": 20,
      "height": 12,
      "map": [
        9, 9, 9, 9, 9, 9, 9, 9, 9, 9, 9, 9, 9, 9, 9, 9, 9, 9, 9, 9,
        9, 9, 1, 6, 0, 0, 0, 4, 0, 0, 0, 0, 0, 0, 0, 9, 9, 1, 9, 9,
        9, 9, 9, 0, 9, 9, 9, 1, 2, 9, 9, 9, 9, 0, 9, 9, 0, 2, 9, 9,
        9, 9, 2, 8, 2, 0, 9, 9, 0, 6, 0, 0, 0, 0, 0, 0, 4, 0, 9, 9,
        9, 9, 0, 9, 0, 0, 9, 1, 8, 0, 0, 9, 0, 4, 9, 2, 9, 0, 9, 9,
        9, 9, 0, 9, 0, 9, 9, 9, 0, 9, 9, 9, 9, 0, 9, 0, 9, 0, 9, 9,
        9, 9, 0, 9, 6, 0, 0, 0, 0, 0, 0, 0, 4, 0, 0, 0, 0, 0, 9, 9,
        9, 9, 0, 9, 0, 9, 9, 9, 9, 9, 0, 9, 0, 9, 9, 0, 8, 0, 9, 9,
        9, 9, 0, 9, 0, 9, 2, 7, 2, 9, 0, 0, 0, 0, 0, 8, 0, 0, 9, 9,
        9, 9, 1, 9, 8, 9, 0, 9, 0, 9, 8, 9, 9, 9, 9, 9, 0, 8, 9, 9,
        9, 9, 8, 0, 0, 0, 8, 0, 4, 0, 0, 0, 0, 0, 0, 0, 9, 1, 9, 9,
        9, 9, 9, 9, 9, 9, 9, 9, 9, 9, 9, 9, 9, 9, 9, 9, 9, 9, 9, 9
      ]
    },
    {
      "no": "18",
      "width": 20,
      "height": 12,
      "map": [
        9, 9, 9, 9, 9, 9, 9, 9, 9, 9, 9, 9, 9, 9, 9, 9, 9, 9, 9, 9,
        9, 9, 0, 1, 6, 4, 1, 9, 0, 2, 6, 0, 0, 0, 0, 0, 0, 1, 9, 9,
        9, 9, 9, 6, 0, 0, 4, 6, 0, 0, 0, 0, 0, 0, 0, 0, 0, 4, 9, 9,
        9, 9, 1, 2, 6, 0, 0, 0, 6, 0, 0, 0, 0, 0, 0, 0, 0, 2, 9, 9,
        9, 9, 9, 0, 0, 6, 0, 0, 0, 0, 0, 0, 0, 0, 0, 0, 0, 4, 9, 9,
        9, 9, 1, 8, 0, 2, 6, 0, 0, 0, 0, 0, 0, 0, 0, 0, 0, 0, 9, 9,
        9, 9, 9, 6, 0, 0, 4, 0, 0, 0, 0, 0, 0, 8, 0, 0, 0, 0, 9, 9,
        9, 9, 6, 0, 0, 0, 0, 0, 4, 8, 6, 0, 0, 0, 4, 0, 0, 0, 9, 9,
        9, 9, 0, 0, 0, 0, 0, 0, 2, 7, 6, 0, 0, 4, 0, 0, 0, 0, 9, 9,
        9, 9, 6, 0, 0, 0, 0, 0, 0, 4, 0, 8, 0, 0, 0, 0, 8, 0, 9, 9,
        9, 9, 0, 8, 0, 8, 0, 0, 8, 0, 0, 8, 8, 0, 0, 8, 0, 8, 9, 9,
        9, 9, 9, 9, 9, 9, 9, 9, 9, 9, 9, 9, 9, 9, 9, 9, 9, 9, 9, 9
      ]
    },
    {
      "no": "19",
      "width": 20,
      "height": 12,
      "map": [
        9, 9, 9, 9, 9, 9, 9, 9, 9, 9, 9, 9, 9, 9, 9, 9, 9, 9, 9, 9,
        9, 9, 0, 0, 2, 0, 2, 0, 0, 9, 0, 0, 0, 0, 0, 2, 0, 0, 9, 9,
        9, 9, 0, 0, 0, 0, 0, 0, 0, 4, 0, 6, 0, 4, 0, 0, 2, 0, 9, 9,
        9, 9, 0, 9, 0, 0, 0, 4, 0, 0, 0, 0, 0, 0, 0, 0, 0, 0, 9, 9,
        9, 9, 0, 2, 0, 0, 8, 0, 0, 9, 0, 4, 2, 0, 0, 9, 6, 0, 9, 9,
        9, 9, 0, 0, 0, 0, 0, 0, 0, 0, 0, 0, 0, 4, 6, 0, 4, 0, 9, 9,
        9, 9, 9, 0, 0, 0, 0, 0, 0, 0, 8, 0, 8, 0, 0, 0, 0, 0, 9, 9,
        9, 9, 0, 0, 0, 6, 0, 4, 0, 0, 2, 2, 8, 0, 6, 0, 0, 8, 9, 9,
        9, 9, 0, 0, 9, 1, 9, 1, 9, 0, 0, 0, 0, 0, 0, 2, 0, 0, 9, 9,
        9, 9, 0, 8, 0, 9, 7, 9, 6, 6, 0, 0, 4, 2, 0, 0, 0, 9, 9, 9,
        9, 9, 0, 9, 0, 0, 0, 0, 0, 6, 0, 0, 0, 0, 0, 8, 0, 0, 9, 9,
        9, 9, 9, 9, 9, 9, 9, 9, 9, 9, 9, 9, 9, 9, 9, 9, 9, 9, 9, 9
      ]
    },
    {
      "no": "20",
      "width": 20,
      "height": 12,
      "map": [
        9, 9, 9, 9, 9, 9, 9, 9, 9, 9, 9, 9, 9, 9, 9, 9, 9, 9, 9, 9,
        9, 9, 1, 2, 1, 6, 2, 0, 0, 0, 4, 2, 0, 0, 0, 2, 0, 1, 9, 9,
        9, 9, 2, 0, 0, 0, 0, 0, 6, 0, 0, 0, 0, 0, 4, 0, 2, 0, 9, 9,
        9, 9, 8, 0, 6, 0, 0, 0, 4, 0, 0, 0, 8, 0, 0, 0, 0, 2, 9, 9,
        9, 9, 1, 8, 6, 0, 0, 0, 0, 4, 0, 8, 0, 0, 2, 8, 0, 0, 9, 9,
        9, 9, 4, 2, 2, 0, 0, 0, 6, 0, 0, 0, 8, 0, 0, 0, 0, 0, 9, 9,
        9, 9, 1, 8, 0, 0, 8, 8, 0, 0, 6, 0, 1, 0, 0, 0, 0, 0, 9, 9,
        9, 9, 2, 0, 0, 0, 2, 8, 0, 0, 0, 1, 7, 1, 0, 0, 8, 0, 9, 9,
        9, 9, 0, 0, 0, 6, 0, 4, 0, 0, 0, 0, 6, 0, 0, 0, 0, 4, 9, 9,
        9, 9, 8, 0, 8, 0, 0, 6, 4, 0, 6, 0, 0, 0, 0, 0, 0, 0, 9, 9,
        9, 9, 1, 6, 0, 0, 4, 1, 8, 6, 0, 0, 0, 4, 0, 0, 0, 0, 9, 9,
        9, 9, 9, 9, 9, 9, 9, 9, 9, 9, 9, 9, 9, 9, 9, 9, 9, 9, 9, 9
      ]
    },
    {
      "no": "21",
      "width": 20,
      "height": 12,
      "map": [
        9, 9, 9, 9, 9, 9, 9, 9, 9, 9, 9, 9, 9, 9, 9, 9, 9, 9, 9, 9,
        9, 9, 2, 0, 0, 0, 0, 0, 0, 6, 0, 0, 0, 0, 0, 0, 4, 1, 9, 9,
        9, 9, 0, 6, 0, 0, 0, 4, 9, 0, 0, 0, 0, 2, 0, 0, 0, 9, 9, 9,
        9, 9, 8, 0, 0, 8, 0, 9, 1, 6, 0, 0, 0, 0, 0, 0, 4, 1, 9, 9,
        9, 9, 0, 0, 0, 4, 2, 1, 9, 0, 0, 0, 0, 0, 0, 4, 0, 9, 9, 9,
        9, 9, 6, 0, 0, 4, 0, 9, 1, 6, 0, 0, 0, 0, 0, 0, 4, 1, 9, 9,
        9, 9, 0, 8, 0, 0, 8, 1, 9, 0, 0, 8, 8, 0, 0, 0, 0, 9, 9, 9,
        9, 9, 0, 0, 8, 0, 0, 9, 1, 2, 0, 0, 8, 0, 8, 0, 2, 1, 9, 9,
        9, 9, 0, 0, 0, 4, 2, 1, 9, 0, 0, 4, 6, 0, 4, 0, 0, 9, 9, 9,
        9, 9, 6, 0, 0, 4, 0, 9, 1, 8, 6, 0, 0, 8, 1, 7, 8, 1, 9, 9,
        9, 9, 0, 8, 0, 0, 8, 1, 9, 1, 6, 0, 0, 0, 0, 4, 1, 9, 9, 9,
        9, 9, 9, 9, 9, 9, 9, 9, 9, 9, 9, 9, 9, 9, 9, 9, 9, 9, 9, 9
      ]
    },
    {
      "no": "22",
      "width": 20,
      "height": 12,
      "map": [
        9, 9, 9, 9, 9, 9, 9, 9, 9, 9, 9, 9, 9, 9, 9, 9, 9, 9, 9, 9,
        9, 9, 1, 2, 2, 0, 2, 4, 4, 0, 2, 1, 2, 1, 9, 8, 2, 1, 9, 9,
        9, 9, 9, 0, 0, 9, 1, 6, 8, 0, 0, 9, 8, 6, 0, 0, 0, 4, 9, 9,
        9, 9, 0, 1, 0, 6, 7, 4, 4, 0, 0, 6, 2, 0, 2, 2, 0, 4, 9, 9,
        9, 9, 9, 0, 0, 9, 6, 0, 8, 2, 8, 4, 8, 6, 0, 0, 0, 4, 9, 9,
        9, 9, 1, 8, 8, 2, 4, 2, 8, 0, 0, 6, 4, 0, 1, 0, 0, 6, 9, 9,
        9, 9, 9, 0, 0, 4, 4, 2, 8, 1, 0, 6, 4, 6, 0, 0, 0, 9, 9, 9,
        9, 9, 1, 2, 8, 4, 4, 2, 0, 0, 0, 6, 4, 2, 0, 0, 2, 1, 9, 9,
        9, 9, 6, 0, 0, 0, 0, 4, 0, 8, 0, 0, 0, 0, 0, 0, 0, 4, 9, 9,
        9, 9, 6, 0, 0, 0, 0, 0, 6, 0, 0, 0, 4, 0, 0, 0, 0, 9, 9, 9,
        9, 9, 1, 8, 0, 0, 2, 2, 0, 0, 0, 4, 0, 8, 0, 8, 8, 1, 9, 9,
        9, 9, 9, 9, 9, 9, 9, 9, 9, 9, 9, 9, 9, 9, 9, 9, 9, 9, 9, 9
      ]
    },
    {
      "no": "23",
      "width": 20,
      "height": 12,
      "map": [
        9, 9, 9, 9, 9, 9, 9, 9, 9, 9, 9, 9, 9, 9, 9, 9, 9, 9, 9, 9,
        9, 9, 0, 2, 0, 0, 2, 0, 0, 0, 0, 0, 0, 0, 0, 0, 2, 0, 9, 9,
        9, 9, 1, 0, 2, 0, 0, 0, 6, 0, 2, 0, 0, 0, 6, 4, 4, 0, 9, 9,
        9, 9, 1, 0, 2, 0, 0, 6, 0, 0, 4, 0, 0, 2, 1, 9, 0, 0, 9, 9,
        9, 9, 1, 8, 2, 0, 8, 0, 8, 0, 2, 0, 0, 0, 9, 9, 0, 2, 9, 9,
        9, 9, 6, 0, 0, 4, 7, 6, 0, 0, 0, 4, 0, 0, 0, 9, 2, 0, 9, 9,
        9, 9, 6, 0, 0, 0, 2, 9, 0, 2, 0, 0, 0, 0, 9, 9, 0, 4, 9, 9,
        9, 9, 2, 0, 0, 2, 0, 0, 2, 0, 0, 4, 0, 8, 1, 9, 8, 0, 9, 9,
        9, 9, 0, 2, 0, 8, 0, 2, 0, 0, 0, 4, 0, 0, 6, 4, 0, 8, 9, 9,
        9, 9, 0, 0, 0, 0, 0, 0, 0, 0, 0, 0, 6, 0, 0, 0, 0, 4, 9, 9,
        9, 9, 0, 0, 0, 0, 8, 0, 0, 0, 0, 0, 6, 0, 2, 4, 0, 0, 9, 9,
        9, 9, 9, 9, 9, 9, 9, 9, 9, 9, 9, 9, 9, 9, 9, 9, 9, 9, 9, 9
      ]
    },
    {
      "no": "24",
      "width": 20,
      "height": 12,
      "map": [
        9, 9, 9, 9, 9, 9, 9, 9, 9, 9, 9, 9, 9, 9, 9, 9, 9, 9, 9, 9,
        9, 9, 7, 4, 1, 6, 0, 0, 0, 0, 0, 0, 0, 0, 0, 0, 4, 1, 9, 9,
        9, 9, 0, 9, 9, 0, 2, 6, 0, 9, 9, 9, 0, 0, 9, 2, 0, 9, 9, 9,
        9, 9, 0, 9, 6, 6, 0, 0, 2, 1, 9, 1, 6, 0, 0, 0, 4, 1, 9, 9,
        9, 9, 0, 6, 0, 0, 0, 4, 0, 9, 1, 2, 9, 0, 9, 0, 0, 2, 9, 9,
        9, 9, 0, 9, 0, 9, 0, 0, 8, 1, 9, 0, 6, 0, 0, 0, 4, 0, 9, 9,
        9, 9, 0, 6, 0, 0, 0, 9, 0, 9, 1, 8, 0, 0, 9, 9, 9, 0, 9, 9,
        9, 9, 0, 9, 2, 0, 0, 9, 0, 9, 9, 0, 9, 6, 0, 4, 0, 0, 9, 9,
        9, 9, 0, 6, 0, 9, 0, 9, 0, 0, 0, 0, 0, 0, 8, 9, 0, 0, 9, 9,
        9, 9, 0, 9, 8, 0, 0, 9, 9, 0, 9, 0, 9, 9, 9, 9, 0, 8, 9, 9,
        9, 9, 0, 6, 0, 4, 8, 9, 1, 6, 0, 0, 0, 0, 0, 0, 4, 1, 9, 9,
        9, 9, 9, 9, 9, 9, 9, 9, 9, 9, 9, 9, 9, 9, 9, 9, 9, 9, 9, 9
      ]
    },
    {
      "no": "25",
      "width": 20,
      "height": 12,
      "map": [
        9, 9, 9, 9, 9, 9, 9, 9, 9, 9, 9, 9, 9, 9, 9, 9, 9, 9, 9, 9,
        9, 9, 9, 6, 0, 0, 0, 0, 0, 4, 2, 0, 0, 0, 0, 0, 0, 9, 9, 9,
        9, 9, 1, 2, 0, 0, 0, 0, 0, 0, 0, 0, 0, 4, 0, 4, 2, 1, 9, 9,
        9, 9, 9, 0, 6, 0, 0, 0, 0, 0, 0, 0, 4, 0, 0, 0, 0, 9, 9, 9,
        9, 9, 1, 8, 6, 0, 0, 0, 0, 0, 0, 0, 4, 0, 0, 4, 8, 1, 9, 9,
        9, 9, 6, 0, 0, 0, 0, 0, 0, 7, 0, 0, 0, 0, 0, 0, 0, 4, 9, 9,
        9, 9, 0, 0, 0, 0, 0, 0, 0, 2, 0, 0, 0, 0, 0, 0, 0, 0, 9, 9,
        9, 9, 0, 0, 0, 0, 0, 0, 0, 0, 8, 0, 0, 0, 0, 0, 0, 0, 9, 9,
        9, 9, 0, 0, 0, 0, 0, 0, 0, 0, 0, 0, 0, 0, 2, 9, 0, 9, 9, 9,
        9, 9, 6, 0, 0, 0, 0, 0, 0, 0, 0, 0, 0, 4, 0, 6, 0, 4, 9, 9,
        9, 9, 1, 9, 6, 0, 0, 0, 8, 0, 0, 0, 6, 4, 8, 1, 6, 1, 9, 9,
        9, 9, 9, 9, 9, 9, 9, 9, 9, 9, 9, 9, 9, 9, 9, 9, 9, 9, 9, 9
      ]
    },
    {
      "no": "26",
      "width": 20,
      "height": 12,
      "map": [
        9, 9, 9, 9, 9, 9, 9, 9, 9, 9, 9, 9, 9, 9, 9, 9, 9, 9, 9, 9,
        9, 9, 1, 2, 9, 1, 9, 2, 2, 0, 0, 0, 6, 0, 0, 0, 4, 1, 9, 9,
        9, 9, 6, 0, 0, 4, 9, 0, 0, 9, 8, 9, 2, 9, 9, 9, 0, 2, 9, 9,
        9, 9, 7, 9, 2, 6, 0, 0, 0, 0, 6, 9, 0, 9, 0, 4, 0, 0, 9, 9,
        9, 9, 2, 9, 0, 0, 8, 8, 8, 9, 9, 9, 0, 0, 8, 0, 9, 0, 9, 9,
        9, 9, 0, 9, 0, 9, 6, 0, 9, 0, 2, 9, 2, 0, 9, 8, 0, 0, 9, 9,
        9, 9, 0, 9, 0, 0, 6, 0, 4, 0, 0, 0, 0, 4, 0, 4, 4, 0, 9, 9,
        9, 9, 0, 6, 0, 9, 1, 9, 1, 9, 0, 9, 8, 9, 9, 0, 9, 0, 9, 9,
        9, 9, 0, 9, 0, 9, 0, 2, 9, 9, 8, 4, 0, 4, 4, 0, 9, 0, 9, 9,
        9, 9, 8, 0, 8, 0, 6, 0, 4, 0, 6, 0, 0, 4, 0, 0, 6, 8, 9, 9,
        9, 9, 1, 6, 0, 4, 1, 9, 1, 9, 1, 8, 8, 1, 6, 0, 4, 1, 9, 9,
        9, 9, 9, 9, 9, 9, 9, 9, 9, 9, 9, 9, 9, 9, 9, 9, 9, 9, 9, 9
      ]
    },
    {
      "no": "27",
      "width": 20,
      "height": 12,
      "map": [
        9, 9, 9, 9, 9, 9, 9, 9, 9, 9, 9, 9, 9, 9, 9, 9, 9, 9, 9, 9,
        9, 9, 6, 0, 0, 0, 0, 4, 0, 0, 0, 0, 0, 0, 0, 2, 1, 1, 9, 9,
        9, 9, 6, 0, 0, 0, 0, 4, 0, 0, 0, 0, 0, 0, 0, 0, 6, 4, 9, 9,
        9, 9, 6, 0, 0, 0, 0, 4, 8, 9, 0, 8, 0, 9, 2, 8, 1, 2, 9, 9,
        9, 9, 1, 2, 9, 9, 9, 9, 8, 9, 9, 1, 9, 9, 2, 2, 2, 8, 9, 9,
        9, 9, 1, 2, 9, 1, 4, 2, 0, 9, 1, 9, 1, 9, 0, 0, 0, 0, 9, 9,
        9, 9, 1, 2, 9, 9, 9, 2, 7, 9, 2, 8, 2, 9, 0, 2, 8, 2, 9, 9,
        9, 9, 1, 2, 9, 1, 8, 2, 0, 9, 6, 8, 0, 9, 0, 2, 1, 4, 9, 9,
        9, 9, 6, 0, 9, 2, 8, 2, 0, 1, 0, 0, 0, 1, 0, 8, 2, 6, 9, 9,
        9, 9, 6, 0, 4, 2, 0, 0, 0, 1, 0, 0, 8, 1, 0, 6, 6, 6, 9, 9,
        9, 9, 1, 8, 1, 2, 0, 0, 0, 6, 0, 0, 0, 4, 0, 8, 4, 1, 9, 9,
        9, 9, 9, 9, 9, 9, 9, 9, 9, 9, 9, 9, 9, 9, 9, 9, 9, 9, 9, 9
      ]
    },
    {
      "no": "28",
      "width": 20,
      "height": 12,
      "map": [
        9, 9, 9, 9, 9, 9, 9, 9, 9, 9, 9, 9, 9, 9, 9, 9, 9, 9, 9, 9,
        9, 9, 1, 9, 2, 0, 9, 1, 2, 1, 1, 2, 1, 9, 0, 4, 9, 1, 9, 9,
        9, 9, 2, 6, 0, 0, 4, 2, 8, 1, 1, 8, 2, 6, 0, 0, 4, 2, 9, 9,
        9, 9, 0, 0, 0, 0, 0, 0, 6, 0, 0, 0, 0, 0, 0, 0, 4, 0, 9, 9,
        9, 9, 8, 8, 0, 0, 0, 8, 0, 0, 0, 0, 8, 0, 2, 0, 0, 8, 9, 9,
        9, 9, 1, 9, 0, 0, 9, 1, 6, 0, 0, 4, 1, 9, 0, 4, 9, 1, 9, 9,
        9, 9, 2, 7, 6, 0, 4, 2, 6, 0, 4, 0, 2, 0, 0, 0, 0, 2, 9, 9,
        9, 9, 0, 6, 0, 0, 0, 0, 0, 0, 0, 0, 0, 0, 0, 0, 4, 0, 9, 9,
        9, 9, 0, 0, 0, 0, 0, 0, 2, 2, 0, 0, 0, 0, 0, 0, 0, 0, 9, 9,
        9, 9, 8, 0, 9, 0, 0, 8, 0, 0, 4, 8, 8, 0, 8, 9, 0, 8, 9, 9,
        9, 9, 1, 6, 0, 0, 4, 1, 9, 8, 0, 9, 1, 6, 0, 0, 4, 1, 9, 9,
        9, 9, 9, 9, 9, 9, 9, 9, 9, 9, 9, 9, 9, 9, 9, 9, 9, 9, 9, 9
      ]
    },
    {
      "no": "29",
      "width": 20,
      "height": 12,
      "map": [
        9, 9, 9, 9, 9, 9, 9, 9, 9, 9, 9, 9, 9, 9, 9, 9, 9, 9, 9, 9,
        9, 9, 7, 0, 1, 0, 0, 0, 0, 9, 1, 2, 1, 8, 9, 1, 9, 1, 9, 9,
        9, 9, 0, 6, 0, 4, 0, 1, 1, 0, 9, 0, 2, 0, 0, 6, 0, 4, 9, 9,
        9, 9, 9, 1, 9, 1, 9, 0, 0, 9, 1, 8, 0, 0, 2, 0, 2, 0, 9, 9,
        9, 9, 1, 2, 0, 9, 6, 0, 0, 2, 9, 0, 6, 2, 0, 0, 0, 0, 9, 9,
        9, 9, 9, 0, 6, 0, 0, 0, 0, 0, 4, 0, 0, 0, 0, 0, 0, 1, 9, 9,
        9, 9, 1, 8, 0, 0, 0, 0, 2, 8, 6, 0, 4, 0, 0, 6, 0, 4, 9, 9,
        9, 9, 9, 6, 0, 0, 0, 2, 0, 9, 1, 9, 1, 9, 0, 0, 1, 9, 9, 9,
        9, 9, 0, 0, 0, 1, 1, 0, 0, 4, 9, 2, 9, 0, 8, 0, 2, 1, 9, 9,
        9, 9, 6, 0, 4, 0, 0, 0, 0, 0, 0, 0, 0, 0, 0, 4, 0, 9, 9, 9,
        9, 9, 1, 9, 1, 9, 0, 8, 8, 0, 0, 1, 0, 0, 1, 0, 8, 1, 9, 9,
        9, 9, 9, 9, 9, 9, 9, 9, 9, 9, 9, 9, 9, 9, 9, 9, 9, 9, 9, 9
      ]
    },
    {
      "no": "30",
      "width": 20,
      "height": 12,
      "map": [
        9, 9, 9, 9, 9, 9, 9, 9, 9, 9, 9, 9, 9, 9, 9, 9, 9, 9, 9, 9,
        9, 9, 6, 0, 0, 0, 0, 0, 0, 0, 0, 0, 0, 0, 0, 0, 0, 4, 9, 9,
        9, 9, 0, 9, 6, 0, 0, 4, 0, 0, 0, 0, 0, 0, 0, 0, 9, 0, 9, 9,
        9, 9, 1, 9, 6, 0, 0, 0, 0, 0, 0, 0, 0, 0, 4, 4, 9, 1, 9, 9,
        9, 9, 2, 0, 6, 0, 0, 0, 0, 0, 0, 0, 0, 0, 0, 4, 0, 2, 9, 9,
        9, 9, 0, 6, 0, 0, 0, 0, 0, 0, 0, 0, 0, 0, 0, 0, 4, 0, 9, 9,
        9, 9, 0, 6, 0, 0, 0, 0, 0, 0, 0, 0, 0, 0, 0, 0, 4, 0, 9, 9,
        9, 9, 8, 0, 0, 0, 0, 0, 0, 8, 8, 0, 0, 0, 0, 0, 0, 8, 9, 9,
        9, 9, 1, 9, 4, 2, 0, 0, 0, 0, 8, 0, 0, 0, 2, 0, 9, 1, 9, 9,
        9, 9, 0, 9, 2, 0, 8, 0, 0, 8, 1, 8, 6, 0, 0, 4, 9, 0, 9, 9,
        9, 9, 2, 1, 0, 8, 8, 0, 8, 1, 7, 1, 8, 8, 1, 0, 0, 2, 9, 9,
        9, 9, 9, 9, 9, 9, 9, 9, 9, 9, 9, 9, 9, 9, 9, 9, 9, 9, 9, 9
      ]
    },
    {
      "no": "31",
      "width": 20,
      "height": 12,
      "map": [
        9, 9, 9, 9, 9, 9, 9, 9, 9, 9, 9, 9, 9, 9, 9, 9, 9, 9, 9, 9,
        9, 9, 1, 2, 0, 0, 2, 2, 0, 9, 1, 2, 0, 0, 2, 0, 9, 1, 9, 9,
        9, 9, 9, 0, 0, 6, 0, 0, 4, 0, 9, 0, 0, 0, 0, 6, 0, 4, 9, 9,
        9, 9, 2, 8, 0, 0, 2, 0, 0, 9, 1, 8, 2, 0, 0, 0, 0, 0, 9, 9,
        9, 9, 6, 0, 0, 4, 0, 8, 0, 0, 9, 2, 0, 2, 8, 9, 4, 2, 9, 9,
        9, 9, 0, 0, 2, 7, 8, 2, 0, 0, 2, 0, 0, 0, 0, 9, 2, 2, 9, 9,
        9, 9, 2, 0, 0, 6, 0, 0, 4, 6, 0, 0, 4, 0, 0, 9, 6, 0, 9, 9,
        9, 9, 0, 0, 0, 0, 0, 0, 0, 0, 0, 0, 4, 0, 9, 9, 2, 8, 9, 9,
        9, 9, 8, 0, 0, 0, 0, 0, 4, 4, 4, 0, 2, 8, 1, 9, 4, 2, 9, 9,
        9, 9, 0, 0, 0, 0, 4, 0, 6, 6, 0, 0, 0, 4, 6, 0, 4, 9, 9, 9,
        9, 9, 0, 0, 8, 0, 0, 0, 0, 0, 8, 0, 0, 0, 0, 0, 8, 0, 9, 9,
        9, 9, 9, 9, 9, 9, 9, 9, 9, 9, 9, 9, 9, 9, 9, 9, 9, 9, 9, 9
      ]
    },
    {
      "no": "32",
      "width": 20,
      "height": 12,
      "map": [
        9, 9, 9, 9, 9, 9, 9, 9, 9, 9, 9, 9, 9, 9, 9, 9, 9, 9, 9, 9,
        9, 9, 6, 0, 4, 4, 4, 4, 4, 4, 4, 2, 0, 0, 2, 0, 2, 0, 9, 9,
        9, 9, 4, 2, 4, 1, 2, 4, 2, 9, 9, 0, 4, 0, 0, 2, 0, 4, 9, 9,
        9, 9, 8, 0, 2, 6, 0, 4, 9, 0, 9, 8, 0, 0, 0, 0, 8, 0, 9, 9,
        9, 9, 8, 0, 6, 0, 0, 9, 0, 9, 0, 0, 0, 2, 8, 8, 0, 0, 9, 9,
        9, 9, 8, 8, 0, 4, 9, 0, 0, 9, 6, 0, 4, 0, 1, 2, 0, 4, 9, 9,
        9, 9, 2, 8, 9, 9, 0, 9, 9, 1, 2, 6, 0, 0, 0, 0, 0, 0, 9, 9,
        9, 9, 2, 9, 9, 0, 9, 9, 9, 9, 0, 0, 0, 8, 0, 8, 8, 8, 9, 9,
        9, 9, 2, 9, 9, 0, 9, 9, 9, 9, 0, 8, 6, 0, 0, 0, 0, 4, 9, 9,
        9, 9, 2, 1, 9, 9, 1, 9, 9, 1, 8, 7, 6, 0, 0, 0, 0, 0, 9, 9,
        9, 9, 6, 2, 6, 6, 6, 0, 0, 4, 0, 6, 0, 0, 0, 0, 0, 0, 9, 9,
        9, 9, 9, 9, 9, 9, 9, 9, 9, 9, 9, 9, 9, 9, 9, 9, 9, 9, 9, 9
      ]
    },
    {
      "no": "33",
      "width": 20,
      "height": 12,
      "map": [
        9, 9, 9, 9, 9, 9, 9, 9, 9, 9, 9, 9, 9, 9, 9, 9, 9, 9, 9, 9,
        9, 9, 1, 0, 2, 0, 9, 1, 9, 0, 0, 2, 0, 6, 2, 2, 0, 4, 9, 9,
        9, 9, 6, 0, 4, 0, 0, 2, 0, 8, 4, 0, 0, 9, 4, 1, 0, 9, 9, 9,
        9, 9, 0, 8, 0, 9, 0, 0, 0, 0, 9, 0, 0, 0, 2, 8, 0, 8, 9, 9,
        9, 9, 6, 0, 4, 0, 1, 0, 0, 9, 1, 6, 0, 0, 0, 0, 4, 1, 9, 9,
        9, 9, 2, 0, 2, 6, 0, 0, 0, 0, 9, 0, 0, 0, 0, 0, 0, 9, 9, 9,
        9, 9, 0, 9, 0, 0, 0, 0, 0, 0, 0, 0, 4, 6, 0, 0, 0, 0, 9, 9,
        9, 9, 6, 2, 0, 0, 0, 0, 0, 4, 0, 0, 0, 4, 0, 0, 1, 0, 9, 9,
        9, 9, 2, 0, 0, 4, 8, 8, 0, 0, 6, 0, 4, 0, 0, 0, 0, 9, 9, 9,
        9, 9, 0, 9, 1, 0, 9, 0, 9, 9, 1, 9, 1, 6, 0, 0, 4, 1, 9, 9,
        9, 9, 6, 0, 0, 8, 4, 1, 6, 0, 4, 1, 9, 0, 0, 7, 0, 9, 9, 9,
        9, 9, 9, 9, 9, 9, 9, 9, 9, 9, 9, 9, 9, 9, 9, 9, 9, 9, 9, 9
      ]
    },
    {
      "no": "34",
      "width": 20,
      "height": 12,
      "map": [
        9, 9, 9, 9, 9, 9, 9, 9, 9, 9, 9, 9, 9, 9, 9, 9, 9, 9, 9, 9,
        9, 9, 1, 6, 0, 4, 2, 2, 0, 0, 2, 2, 8, 8, 6, 6, 1, 8, 9, 9,
        9, 9, 0, 6, 6, 6, 0, 0, 0, 8, 0, 0, 4, 8, 2, 2, 2, 2, 9, 9,
        9, 9, 0, 6, 4, 0, 4, 0, 8, 1, 8, 0, 6, 1, 8, 2, 6, 8, 9, 9,
        9, 9, 2, 0, 0, 0, 0, 8, 1, 7, 1, 8, 0, 2, 8, 6, 8, 6, 9, 9,
        9, 9, 0, 0, 0, 0, 0, 0, 8, 1, 8, 0, 0, 8, 8, 6, 4, 2, 9, 9,
        9, 9, 8, 0, 8, 0, 6, 0, 4, 8, 0, 0, 0, 8, 8, 6, 4, 2, 9, 9,
        9, 9, 1, 2, 0, 0, 0, 1, 0, 0, 0, 0, 0, 8, 6, 8, 2, 2, 9, 9,
        9, 9, 6, 0, 6, 0, 0, 0, 0, 0, 0, 0, 0, 0, 4, 0, 0, 1, 9, 9,
        9, 9, 1, 8, 0, 0, 0, 0, 0, 0, 0, 0, 4, 6, 0, 4, 4, 0, 9, 9,
        9, 9, 2, 0, 0, 0, 0, 0, 0, 0, 0, 0, 0, 0, 8, 0, 0, 4, 9, 9,
        9, 9, 9, 9, 9, 9, 9, 9, 9, 9, 9, 9, 9, 9, 9, 9, 9, 9, 9, 9
      ]
    },
    {
      "no": "35",
      "width": 20,
      "height": 12,
      "map": [
        9, 9, 9, 9, 9, 9, 9, 9, 9, 9, 9, 9, 9, 9, 9, 9, 9, 9, 9, 9,
        9, 9, 1, 2, 0, 4, 9, 2, 2, 0, 1, 2, 0, 0, 2, 2, 2, 1, 9, 9,
        9, 9, 9, 0, 0, 0, 0, 0, 0, 9, 6, 0, 0, 0, 0, 0, 0, 4, 9, 9,
        9, 9, 6, 0, 0, 0, 0, 0, 0, 9, 0, 0, 0, 0, 0, 0, 0, 4, 9, 9,
        9, 9, 0, 0, 6, 0, 0, 9, 0, 9, 6, 0, 0, 1, 0, 0, 0, 0, 9, 9,
        9, 9, 0, 0, 6, 0, 0, 4, 0, 9, 0, 0, 1, 7, 1, 0, 0, 4, 9, 9,
        9, 9, 0, 0, 6, 0, 0, 4, 0, 9, 0, 0, 0, 1, 0, 0, 0, 4, 9, 9,
        9, 9, 6, 0, 0, 0, 0, 9, 0, 9, 0, 0, 0, 0, 0, 0, 0, 4, 9, 9,
        9, 9, 8, 0, 6, 0, 0, 0, 0, 9, 6, 0, 0, 0, 0, 0, 0, 0, 9, 9,
        9, 9, 9, 0, 0, 8, 8, 0, 0, 9, 6, 0, 0, 0, 0, 0, 0, 4, 9, 9,
        9, 9, 1, 8, 0, 8, 9, 8, 8, 0, 1, 8, 8, 8, 0, 0, 8, 1, 9, 9,
        9, 9, 9, 9, 9, 9, 9, 9, 9, 9, 9, 9, 9, 9, 9, 9, 9, 9, 9, 9
      ]
    },
    {
      "no": "36",
      "width": 20,
      "height": 12,
      "map": [
        9, 9, 9, 9, 9, 9, 9, 9, 9, 9, 9, 9, 9, 9, 9, 9, 9, 9, 9, 9,
        9, 9, 0, 6, 0, 0, 0, 0, 4, 0, 2, 0, 0, 2, 2, 2, 8, 2, 9, 9,
        9, 9, 4, 7, 2, 0, 8, 6, 0, 0, 0, 0, 0, 0, 0, 0, 0, 0, 9, 9,
        9, 9, 0, 9, 0, 0, 6, 0, 0, 8, 0, 0, 6, 0, 0, 0, 4, 0, 9, 9,
        9, 9, 0, 0, 8, 0, 0, 0, 8, 0, 0, 0, 4, 6, 6, 8, 4, 9, 9, 9,
        9, 9, 0, 0, 0, 6, 0, 0, 4, 4, 0, 0, 2, 6, 4, 0, 2, 1, 9, 9,
        9, 9, 8, 0, 0, 0, 4, 8, 2, 0, 2, 0, 2, 6, 0, 0, 0, 9, 9, 9,
        9, 9, 8, 0, 0, 0, 0, 8, 0, 0, 4, 0, 0, 6, 4, 0, 8, 1, 9, 9,
        9, 9, 2, 6, 0, 0, 0, 4, 0, 6, 0, 4, 0, 0, 6, 0, 4, 9, 9, 9,
        9, 9, 0, 4, 0, 0, 0, 0, 0, 0, 0, 0, 0, 9, 2, 4, 9, 1, 9, 9,
        9, 9, 8, 0, 8, 8, 8, 6, 0, 4, 0, 1, 8, 1, 9, 0, 0, 0, 9, 9,
        9, 9, 9, 9, 9, 9, 9, 9, 9, 9, 9, 9, 9, 9, 9, 9, 9, 9, 9, 9
      ]
    },
    {
      "no": "37",
      "width": 20,
      "height": 12,
      "map": [
        9, 9, 9, 9, 9, 9, 9, 9, 9, 9, 9, 9, 9, 9, 9, 9, 9, 9, 9, 9,
        9, 9, 6, 0, 0, 0, 9, 1, 0, 7, 0, 0, 1, 9, 0, 0, 0, 4, 9, 9,
        9, 9, 6, 0, 0, 4, 0, 2, 9, 9, 9, 9, 2, 0, 6, 0, 0, 4, 9, 9,
        9, 9, 0, 2, 2, 0, 0, 0, 6, 0, 0, 4, 0, 0, 2, 2, 0, 0, 9, 9,
        9, 9, 6, 0, 0, 0, 0, 0, 4, 6, 2, 0, 0, 0, 0, 0, 0, 0, 9, 9,
        9, 9, 6, 0, 0, 0, 2, 0, 6, 0, 0, 0, 0, 0, 0, 0, 0, 0, 9, 9,
        9, 9, 0, 8, 0, 0, 0, 0, 6, 0, 4, 0, 0, 0, 6, 0, 0, 4, 9, 9,
        9, 9, 0, 2, 0, 8, 0, 0, 0, 0, 0, 0, 0, 8, 0, 0, 2, 9, 9, 9,
        9, 9, 0, 0, 0, 0, 8, 8, 0, 8, 0, 0, 8, 6, 0, 0, 0, 0, 9, 9,
        9, 9, 6, 0, 0, 9, 0, 0, 9, 9, 9, 9, 0, 0, 9, 8, 0, 8, 9, 9,
        9, 9, 0, 8, 9, 1, 6, 0, 0, 0, 0, 0, 0, 4, 1, 9, 8, 0, 9, 9,
        9, 9, 9, 9, 9, 9, 9, 9, 9, 9, 9, 9, 9, 9, 9, 9, 9, 9, 9, 9
      ]
    },
    {
      "no": "38",
      "width": 20,
      "height": 12,
      "map": [
        9, 9, 9, 9, 9, 9, 9, 9, 9, 9, 9, 9, 9, 9, 9, 9, 9, 9, 9, 9,
        9, 9, 4, 4, 8, 8, 2, 6, 6, 2, 9, 9, 0, 0, 0, 0, 0, 1, 9, 9,
        9, 9, 2, 9, 2, 4, 0, 0, 0, 0, 0, 0, 2, 2, 2, 2, 9, 9, 9, 9,
        9, 9, 6, 1, 4, 2, 0, 0, 0, 0, 0, 0, 0, 0, 0, 0, 0, 0, 9, 9,
        9, 9, 9, 2, 9, 6, 0, 0, 0, 0, 0, 0, 0, 0, 0, 0, 0, 9, 9, 9,
        9, 9, 2, 8, 8, 4, 0, 2, 6, 0, 4, 0, 0, 0, 0, 0, 0, 0, 9, 9,
        9, 9, 8, 9, 4, 2, 0, 9, 1, 9, 1, 9, 0, 0, 0, 0, 0, 9, 9, 9,
        9, 9, 8, 4, 2, 9, 0, 8, 9, 1, 9, 0, 0, 0, 0, 0, 2, 1, 9, 9,
        9, 9, 9, 2, 6, 0, 0, 4, 7, 6, 2, 0, 8, 8, 8, 8, 0, 9, 9, 9,
        9, 9, 4, 2, 6, 9, 0, 2, 2, 6, 0, 0, 0, 0, 0, 0, 8, 4, 9, 9,
        9, 9, 1, 2, 9, 1, 8, 0, 0, 0, 0, 0, 1, 1, 1, 1, 0, 0, 9, 9,
        9, 9, 9, 9, 9, 9, 9, 9, 9, 9, 9, 9, 9, 9, 9, 9, 9, 9, 9, 9
      ]
    },
    {
      "no": "39",
      "width": 20,
      "height": 12,
      "map": [
        9, 9, 9, 9, 9, 9, 9, 9, 9, 9, 9, 9, 9, 9, 9, 9, 9, 9, 9, 9,
        9, 9, 1, 2, 0, 2, 2, 0, 0, 0, 2, 0, 0, 0, 0, 0, 4, 1, 9, 9,
        9, 9, 0, 2, 0, 0, 0, 0, 0, 0, 2, 0, 0, 0, 0, 0, 8, 2, 9, 9,
        9, 9, 6, 0, 0, 0, 0, 0, 0, 0, 0, 0, 0, 0, 0, 0, 0, 8, 9, 9,
        9, 9, 6, 0, 0, 8, 8, 0, 0, 0, 0, 0, 0, 0, 0, 0, 2, 1, 9, 9,
        9, 9, 6, 0, 0, 0, 0, 0, 0, 0, 7, 0, 0, 0, 0, 4, 0, 4, 9, 9,
        9, 9, 1, 8, 0, 0, 0, 0, 0, 0, 0, 8, 0, 0, 0, 0, 8, 1, 9, 9,
        9, 9, 2, 0, 0, 0, 0, 0, 0, 0, 8, 0, 0, 0, 0, 0, 2, 2, 9, 9,
        9, 9, 0, 6, 0, 6, 0, 0, 0, 0, 8, 8, 0, 0, 0, 0, 0, 0, 9, 9,
        9, 9, 8, 6, 0, 0, 0, 4, 0, 6, 0, 4, 0, 0, 0, 0, 0, 8, 9, 9,
        9, 9, 1, 6, 0, 0, 4, 1, 6, 1, 8, 1, 4, 6, 0, 4, 8, 1, 9, 9,
        9, 9, 9, 9, 9, 9, 9, 9, 9, 9, 9, 9, 9, 9, 9, 9, 9, 9, 9, 9
      ]
    },
    {
      "no": "40",
      "width": 20,
      "height": 12,
      "map": [
        9, 9, 9, 9, 9, 9, 9, 9, 9, 9, 9, 9, 9, 9, 9, 9, 9, 9, 9, 9,
        9, 9, 1, 2, 6, 4, 0, 0, 0, 0, 0, 0, 0, 0, 4, 0, 2, 2, 9, 9,
        9, 9, 2, 0, 0, 9, 9, 9, 6, 0, 0, 0, 0, 0, 0, 4, 0, 2, 9, 9,
        9, 9, 0, 0, 0, 9, 0, 0, 9, 0, 8, 6, 0, 0, 4, 0, 0, 2, 9, 9,
        9, 9, 0, 0, 0, 9, 0, 0, 9, 0, 2, 1, 9, 9, 1, 2, 0, 2, 9, 9,
        9, 9, 0, 0, 0, 9, 9, 9, 0, 2, 0, 9, 1, 4, 9, 0, 8, 0, 9, 9,
        9, 9, 0, 0, 0, 9, 0, 0, 4, 0, 0, 9, 6, 0, 0, 0, 0, 0, 9, 9,
        9, 9, 0, 0, 0, 9, 7, 0, 4, 0, 0, 9, 8, 8, 6, 0, 0, 0, 9, 9,
        9, 9, 0, 0, 0, 6, 0, 0, 4, 0, 0, 9, 1, 1, 9, 0, 0, 0, 9, 9,
        9, 9, 8, 0, 6, 0, 0, 0, 0, 0, 8, 1, 9, 9, 1, 8, 0, 0, 9, 9,
        9, 9, 1, 6, 4, 0, 8, 8, 4, 8, 0, 6, 4, 6, 4, 0, 6, 4, 9, 9,
        9, 9, 9, 9, 9, 9, 9, 9, 9, 9, 9, 9, 9, 9, 9, 9, 9, 9, 9, 9
      ]
    },
    {
      "no": "41",
      "width": 20,
      "height": 12,
      "map": [
        9, 9, 9, 9, 9, 9, 9, 9, 9, 9, 9, 9, 9, 9, 9, 9, 9, 9, 9, 9,
        9, 9, 0, 2, 0, 0, 0, 6, 8, 6, 6, 9, 1, 1, 9, 0, 9, 1, 9, 9,
        9, 9, 6, 0, 0, 0, 0, 0, 4, 8, 2, 2, 9, 6, 0, 0, 4, 1, 9, 9,
        9, 9, 6, 0, 0, 0, 0, 0, 0, 0, 1, 0, 0, 0, 0, 2, 0, 9, 9, 9,
        9, 9, 0, 0, 6, 0, 0, 0, 4, 6, 0, 4, 0, 0, 0, 0, 0, 0, 9, 9,
        9, 9, 0, 8, 7, 2, 0, 0, 0, 0, 0, 9, 0, 0, 0, 8, 0, 2, 9, 9,
        9, 9, 6, 0, 4, 0, 8, 0, 0, 0, 2, 6, 0, 2, 0, 0, 0, 0, 9, 9,
        9, 9, 0, 0, 0, 8, 0, 2, 0, 4, 0, 9, 0, 2, 0, 2, 0, 8, 9, 9,
        9, 9, 6, 0, 0, 4, 6, 0, 0, 4, 0, 0, 6, 0, 4, 0, 0, 0, 9, 9,
        9, 9, 2, 0, 0, 0, 2, 8, 8, 0, 0, 9, 0, 0, 0, 8, 2, 4, 9, 9,
        9, 9, 0, 8, 8, 6, 0, 0, 0, 0, 8, 6, 0, 0, 0, 4, 2, 8, 9, 9,
        9, 9, 9, 9, 9, 9, 9, 9, 9, 9, 9, 9, 9, 9, 9, 9, 9, 9, 9, 9
      ]
    },
    {
      "no": "42",
      "width": 20,
      "height": 12,
      "map": [
        9, 9, 9, 9, 9, 9, 9, 9, 9, 9, 9, 9, 9, 9, 9, 9, 9, 9, 9, 9,
        9, 9, 1, 2, 6, 0, 0, 0, 9, 1, 9, 1, 9, 2, 9, 1, 9, 1, 9, 9,
        9, 9, 2, 0, 0, 0, 0, 8, 9, 6, 0, 4, 1, 8, 1, 6, 7, 4, 9, 9,
        9, 9, 0, 0, 6, 0, 0, 4, 9, 2, 8, 0, 2, 0, 2, 0, 1, 0, 9, 9,
        9, 9, 8, 0, 0, 0, 8, 0, 9, 0, 2, 2, 0, 2, 0, 0, 0, 0, 9, 9,
        9, 9, 6, 0, 0, 0, 0, 0, 9, 0, 2, 0, 0, 0, 0, 0, 0, 4, 9, 9,
        9, 9, 0, 0, 6, 0, 0, 4, 9, 0, 0, 0, 0, 0, 0, 0, 0, 4, 9, 9,
        9, 9, 0, 0, 0, 0, 0, 4, 9, 0, 0, 0, 0, 0, 0, 4, 4, 0, 9, 9,
        9, 9, 0, 0, 0, 0, 0, 0, 9, 0, 0, 0, 0, 0, 0, 0, 0, 4, 9, 9,
        9, 9, 0, 8, 0, 8, 8, 8, 9, 0, 0, 0, 8, 0, 8, 0, 0, 0, 9, 9,
        9, 9, 6, 0, 0, 0, 4, 0, 0, 8, 0, 9, 1, 9, 1, 9, 8, 0, 9, 9,
        9, 9, 9, 9, 9, 9, 9, 9, 9, 9, 9, 9, 9, 9, 9, 9, 9, 9, 9, 9
      ]
    },
    {
      "no": "43",
      "width": 20,
      "height": 12,
      "map": [
        9, 9, 9, 9, 9, 9, 9, 9, 9, 9, 9, 9, 9, 9, 9, 9, 9, 9, 9, 9,
        9, 9, 0, 0, 2, 0, 6, 0, 0, 4, 7, 6, 0, 0, 4, 0, 2, 0, 9, 9,
        9, 9, 0, 6, 0, 0, 0, 0, 4, 0, 2, 6, 0, 4, 0, 0, 0, 2, 9, 9,
        9, 9, 0, 0, 0, 0, 0, 2, 0, 0, 0, 0, 0, 0, 4, 2, 8, 4, 9, 9,
        9, 9, 8, 4, 0, 6, 0, 0, 4, 8, 8, 6, 8, 0, 0, 0, 0, 0, 9, 9,
        9, 9, 0, 8, 8, 0, 0, 8, 6, 0, 0, 0, 4, 0, 8, 8, 0, 4, 9, 9,
        9, 9, 6, 4, 8, 0, 2, 9, 2, 9, 8, 9, 2, 9, 6, 2, 4, 8, 9, 9,
        9, 9, 8, 2, 6, 0, 6, 9, 1, 9, 8, 9, 2, 9, 4, 1, 8, 1, 9, 9,
        9, 9, 6, 8, 6, 9, 2, 4, 9, 8, 6, 9, 1, 9, 2, 1, 1, 1, 9, 9,
        9, 9, 6, 9, 6, 0, 2, 6, 9, 8, 4, 9, 9, 9, 6, 8, 1, 6, 9, 9,
        9, 9, 6, 0, 6, 0, 6, 2, 6, 6, 8, 4, 6, 8, 2, 4, 2, 2, 9, 9,
        9, 9, 9, 9, 9, 9, 9, 9, 9, 9, 9, 9, 9, 9, 9, 9, 9, 9, 9, 9
      ]
    },
    {
      "no": "44",
      "width": 20,
      "height": 12,
      "map": [
        9, 9, 9, 9, 9, 9, 9, 9, 9, 9, 9, 9, 9, 9, 9, 9, 9, 9, 9, 9,
        9, 9, 1, 9, 1, 9, 0, 0, 9, 1, 2, 0, 9, 1, 9, 1, 9, 0, 9, 9,
        9, 9, 6, 0, 4, 6, 0, 9, 0, 9, 0, 0, 0, 6, 0, 4, 0, 0, 9, 9,
        9, 9, 0, 0, 0, 8, 0, 0, 4, 0, 0, 0, 0, 2, 8, 0, 0, 9, 9, 9,
        9, 9, 6, 2, 0, 2, 0, 0, 0, 0, 0, 0, 0, 0, 6, 0, 4, 1, 9, 9,
        9, 9, 9, 0, 6, 0, 0, 0, 4, 0, 0, 0, 0, 0, 0, 9, 2, 9, 9, 9,
        9, 9, 6, 8, 0, 0, 8, 8, 0, 0, 0, 0, 9, 8, 0, 0, 0, 0, 9, 9,
        9, 9, 0, 2, 0, 0, 0, 0, 0, 6, 0, 0, 9, 1, 9, 6, 0, 0, 9, 9,
        9, 9, 0, 0, 4, 1, 9, 0, 0, 0, 0, 8, 0, 9, 0, 0, 0, 0, 9, 9,
        9, 9, 0, 8, 1, 7, 1, 0, 0, 9, 0, 0, 0, 0, 0, 6, 0, 4, 9, 9,
        9, 9, 8, 0, 0, 1, 0, 8, 9, 1, 8, 0, 0, 0, 9, 1, 9, 1, 9, 9,
        9, 9, 9, 9, 9, 9, 9, 9, 9, 9, 9, 9, 9, 9, 9, 9, 9, 9, 9, 9
      ]
    },
    {
      "no": "45",
      "width": 20,
      "height": 12,
      "map": [
        9, 9, 9, 9, 9, 9, 9, 9, 9, 9, 9, 9, 9, 9, 9, 9, 9, 9, 9, 9,
        9, 9, 0, 0, 0, 2, 0, 0, 2, 0, 1, 0, 0, 2, 8, 2, 0, 0, 9, 9,
        9, 9, 6, 4, 6, 0, 4, 0, 2, 0, 0, 0, 0, 6, 0, 4, 6, 0, 9, 9,
        9, 9, 4, 1, 9, 9, 9, 0, 0, 0, 0, 0, 0, 0, 4, 4, 6, 0, 9, 9,
        9, 9, 0, 2, 0, 0, 2, 9, 0, 8, 0, 0, 0, 0, 0, 0, 0, 0, 9, 9,
        9, 9, 0, 0, 0, 2, 2, 1, 8, 0, 0, 0, 0, 0, 0, 0, 0, 4, 9, 9,
        9, 9, 0, 0, 6, 7, 6, 6, 0, 0, 0, 0, 0, 0, 0, 0, 4, 4, 9, 9,
        9, 9, 0, 8, 9, 1, 0, 0, 0, 0, 8, 8, 8, 0, 0, 8, 9, 9, 9, 9,
        9, 9, 8, 1, 9, 0, 0, 0, 4, 0, 2, 0, 0, 6, 0, 0, 9, 1, 9, 9,
        9, 9, 0, 8, 0, 8, 0, 0, 0, 6, 0, 4, 6, 0, 0, 0, 4, 0, 9, 9,
        9, 9, 0, 2, 0, 0, 8, 0, 0, 0, 8, 8, 0, 8, 0, 8, 6, 8, 9, 9,
        9, 9, 9, 9, 9, 9, 9, 9, 9, 9, 9, 9, 9, 9, 9, 9, 9, 9, 9, 9
      ]
    },
    {
      "no": "46",
      "width": 20,
      "height": 12,
      "map": [
        9, 9, 9, 9, 9, 9, 9, 9, 9, 9, 9, 9, 9, 9, 9, 9, 9, 9, 9, 9,
        9, 9, 0, 0, 2, 1, 6, 0, 4, 1, 2, 1, 6, 4, 0, 0, 9, 1, 9, 9,
        9, 9, 2, 2, 0, 9, 1, 1, 1, 9, 0, 6, 0, 0, 0, 0, 0, 4, 9, 9,
        9, 9, 0, 0, 0, 9, 9, 1, 9, 9, 0, 0, 6, 0, 4, 2, 2, 0, 9, 9,
        9, 9, 6, 0, 0, 9, 1, 9, 1, 9, 0, 9, 9, 9, 9, 0, 0, 4, 9, 9,
        9, 9, 6, 0, 0, 9, 2, 7, 2, 9, 0, 1, 1, 1, 9, 8, 0, 2, 9, 9,
        9, 9, 1, 0, 0, 9, 0, 8, 0, 9, 0, 1, 1, 9, 0, 2, 0, 2, 9, 9,
        9, 9, 1, 8, 0, 9, 0, 8, 0, 9, 0, 1, 9, 6, 0, 0, 0, 0, 9, 9,
        9, 9, 1, 0, 8, 1, 8, 0, 8, 1, 8, 9, 1, 1, 6, 0, 0, 0, 9, 9,
        9, 9, 1, 0, 0, 6, 0, 0, 0, 4, 0, 9, 9, 9, 9, 8, 0, 0, 9, 9,
        9, 9, 6, 0, 0, 0, 0, 0, 0, 0, 4, 0, 0, 0, 0, 0, 0, 0, 9, 9,
        9, 9, 9, 9, 9, 9, 9, 9, 9, 9, 9, 9, 9, 9, 9, 9, 9, 9, 9, 9
      ]
    },
    {
      "no": "47",
      "width": 20,
      "height": 12,
      "map": [
        9, 9, 9, 9, 9, 9, 9, 9, 9, 9, 9, 9, 9, 9, 9, 9, 9, 9, 9, 9,
        9, 9, 4, 1, 2, 2, 0, 0, 0, 0, 0, 0, 2, 0, 0, 4, 0, 0, 9, 9,
        9, 9, 6, 2, 0, 0, 9, 0, 6, 0, 0, 4, 0, 2, 0, 0, 0, 4, 9, 9,
        9, 9, 0, 0, 0, 0, 2, 0, 0, 2, 0, 0, 0, 0, 8, 0, 0, 4, 9, 9,
        9, 9, 2, 0, 0, 0, 8, 6, 6, 0, 6, 0, 8, 0, 9, 0, 0, 0, 9, 9,
        9, 9, 0, 0, 0, 8, 0, 0, 0, 0, 6, 0, 4, 0, 2, 8, 0, 0, 9, 9,
        9, 9, 0, 0, 0, 0, 0, 0, 0, 8, 0, 0, 0, 8, 7, 6, 0, 4, 9, 9,
        9, 9, 9, 0, 8, 0, 0, 0, 0, 8, 0, 2, 6, 0, 4, 0, 8, 0, 9, 9,
        9, 9, 1, 6, 0, 0, 4, 0, 0, 0, 0, 0, 0, 0, 0, 0, 8, 0, 9, 9,
        9, 9, 9, 0, 0, 9, 0, 9, 0, 0, 2, 0, 0, 0, 0, 0, 0, 4, 9, 9,
        9, 9, 1, 6, 0, 0, 4, 1, 9, 0, 0, 8, 0, 8, 0, 0, 8, 0, 9, 9,
        9, 9, 9, 9, 9, 9, 9, 9, 9, 9, 9, 9, 9, 9, 9, 9, 9, 9, 9, 9
      ]
    },
    {
      "no": "48",
      "width": 20,
      "height": 12,
      "map": [
        9, 9, 9, 9, 9, 9, 9, 9, 9, 9, 9, 9, 9, 9, 9, 9, 9, 9, 9, 9,
        9, 9, 2, 1, 0, 0, 2, 9, 6, 0, 0, 0, 4, 0, 0, 0, 2, 0, 9, 9,
        9, 9, 0, 6, 0, 0, 0, 9, 0, 2, 0, 9, 1, 9, 2, 0, 0, 4, 9, 9,
        9, 9, 0, 6, 0, 0, 4, 9, 0, 0, 6, 0, 4, 9, 0, 0, 8, 0, 9, 9,
        9, 9, 8, 0, 0, 0, 2, 9, 0, 8, 2, 0, 0, 9, 0, 0, 0, 4, 9, 9,
        9, 9, 4, 0, 0, 0, 0, 9, 8, 6, 0, 0, 4, 9, 8, 2, 0, 0, 9, 9,
        9, 9, 0, 2, 6, 0, 0, 9, 2, 6, 0, 2, 7, 9, 0, 0, 0, 4, 9, 9,
        9, 9, 0, 0, 6, 0, 4, 9, 0, 0, 8, 0, 4, 9, 0, 0, 0, 4, 9, 9,
        9, 9, 0, 0, 0, 0, 4, 9, 0, 0, 4, 0, 6, 9, 0, 8, 0, 0, 9, 9,
        9, 9, 0, 8, 0, 8, 0, 9, 8, 0, 0, 0, 4, 9, 1, 6, 0, 4, 9, 9,
        9, 9, 6, 0, 0, 4, 0, 0, 0, 0, 0, 8, 0, 9, 9, 1, 9, 1, 9, 9,
        9, 9, 9, 9, 9, 9, 9, 9, 9, 9, 9, 9, 9, 9, 9, 9, 9, 9, 9, 9
      ]
    },
    {
      "no": "49",
      "width": 20,
      "height": 12,
      "map": [
        9, 9, 9, 9, 9, 9, 9, 9, 9, 9, 9, 9, 9, 9, 9, 9, 9, 9, 9, 9,
        9, 9, 0, 0, 2, 9, 1, 9, 0, 0, 0, 6, 0, 4, 0, 0, 0, 0, 9, 9,
        9, 9, 0, 0, 0, 0, 2, 0, 0, 0, 0, 0, 0, 0, 0, 0, 0, 0, 9, 9,
        9, 9, 2, 0, 0, 0, 0, 4, 4, 6, 6, 0, 0, 0, 0, 0, 0, 0, 9, 9,
        9, 9, 0, 0, 0, 0, 0, 0, 0, 0, 4, 0, 0, 0, 6, 0, 4, 0, 9, 9,
        9, 9, 0, 0, 0, 0, 8, 0, 0, 0, 0, 0, 0, 0, 0, 0, 0, 0, 9, 9,
        9, 9, 0, 0, 0, 9, 2, 9, 0, 0, 0, 2, 0, 0, 0, 0, 0, 0, 9, 9,
        9, 9, 0, 0, 0, 0, 0, 0, 0, 0, 0, 0, 2, 0, 0, 8, 0, 8, 9, 9,
        9, 9, 6, 0, 0, 0, 0, 0, 0, 0, 4, 0, 0, 4, 0, 0, 0, 0, 9, 9,
        9, 9, 8, 0, 0, 6, 0, 4, 0, 0, 0, 0, 0, 0, 4, 4, 0, 0, 9, 9,
        9, 9, 7, 0, 9, 1, 9, 1, 9, 8, 0, 0, 8, 0, 0, 0, 0, 8, 9, 9,
        9, 9, 9, 9, 9, 9, 9, 9, 9, 9, 9, 9, 9, 9, 9, 9, 9, 9, 9, 9
      ]
    },
    {
      "no": "50",
      "width": 20,
      "height": 12,
      "map": [
        9, 9, 9, 9, 9, 9, 9, 9, 9, 9, 9, 9, 9, 9, 9, 9, 9, 9, 9, 9,
        9, 9, 7, 6, 9, 1, 2, 1, 9, 0, 0, 8, 0, 0, 0, 0, 0, 0, 9, 9,
        9, 9, 2, 0, 0, 6, 0, 4, 0, 0, 0, 0, 0, 0, 0, 0, 0, 0, 9, 9,
        9, 9, 0, 0, 0, 0, 2, 0, 0, 0, 2, 0, 0, 0, 0, 4, 2, 0, 9, 9,
        9, 9, 0, 0, 0, 0, 0, 0, 0, 6, 0, 0, 0, 0, 0, 0, 0, 4, 9, 9,
        9, 9, 0, 0, 0, 0, 0, 4, 9, 1, 8, 0, 0, 0, 0, 0, 8, 1, 9, 9,
        9, 9, 0, 0, 0, 0, 0, 0, 4, 6, 6, 0, 0, 0, 0, 0, 4, 8, 9, 9,
        9, 9, 0, 0, 0, 0, 0, 4, 9, 1, 2, 0, 0, 0, 0, 0, 2, 1, 9, 9,
        9, 9, 0, 0, 0, 0, 0, 0, 0, 6, 0, 0, 0, 0, 0, 0, 0, 4, 9, 9,
        9, 9, 8, 0, 0, 0, 0, 0, 0, 0, 8, 0, 0, 0, 8, 0, 8, 0, 9, 9,
        9, 9, 0, 8, 8, 8, 8, 0, 0, 0, 0, 8, 8, 0, 8, 0, 0, 0, 9, 9,
        9, 9, 9, 9, 9, 9, 9, 9, 9, 9, 9, 9, 9, 9, 9, 9, 9, 9, 9, 9
      ]
    },
    {
      "no": "51",
      "width": 20,
      "height": 12,
      "map": [
        9, 9, 9, 9, 9, 9, 9, 9, 9, 9, 9, 9, 9, 9, 9, 9, 9, 9, 9, 9,
        9, 9, 6, 0, 0, 0, 4, 2, 2, 2, 7, 1, 0, 2, 0, 4, 2, 0, 9, 9,
        9, 9, 6, 0, 0, 2, 0, 0, 0, 0, 4, 0, 0, 0, 0, 0, 0, 0, 9, 9,
        9, 9, 0, 6, 0, 0, 4, 0, 0, 0, 9, 0, 0, 8, 0, 0, 0, 0, 9, 9,
        9, 9, 1, 0, 0, 0, 0, 0, 0, 9, 1, 2, 0, 0, 0, 6, 0, 4, 9, 9,
        9, 9, 0, 0, 8, 1, 0, 8, 2, 1, 9, 0, 0, 6, 0, 0, 4, 0, 9, 9,
        9, 9, 0, 6, 0, 0, 4, 0, 0, 9, 1, 8, 0, 0, 8, 0, 0, 2, 9, 9,
        9, 9, 6, 0, 4, 0, 0, 0, 8, 1, 9, 6, 0, 0, 2, 6, 0, 0, 9, 9,
        9, 9, 0, 1, 0, 0, 2, 0, 0, 9, 0, 0, 0, 0, 0, 6, 0, 4, 9, 9,
        9, 9, 6, 0, 0, 4, 0, 0, 8, 0, 0, 0, 0, 8, 8, 0, 8, 0, 9, 9,
        9, 9, 0, 8, 0, 0, 8, 0, 6, 0, 0, 0, 0, 0, 0, 0, 0, 4, 9, 9,
        9, 9, 9, 9, 9, 9, 9, 9, 9, 9, 9, 9, 9, 9, 9, 9, 9, 9, 9, 9
      ]
    },
    {
      "no": "52",
      "width": 20,
      "height": 12,
      "map": [
        9, 9, 9, 9, 9, 9, 9, 9, 9, 9, 9, 9, 9, 9, 9, 9, 9, 9, 9, 9,
        9, 9, 1, 2, 0, 9, 1, 2, 1, 2, 2, 1, 2, 1, 9, 0, 2, 1, 9, 9,
        9, 9, 9, 0, 0, 0, 6, 0, 0, 0, 0, 0, 0, 4, 0, 0, 0, 9, 9, 9,
        9, 9, 1, 0, 6, 0, 6, 0, 0, 0, 0, 0, 0, 4, 0, 4, 0, 1, 9, 9,
        9, 9, 9, 0, 6, 0, 2, 0, 8, 8, 8, 8, 0, 2, 0, 4, 0, 9, 9, 9,
        9, 9, 1, 8, 0, 0, 6, 0, 4, 1, 1, 6, 0, 4, 0, 0, 8, 1, 9, 9,
        9, 9, 1, 2, 0, 0, 6, 0, 4, 7, 1, 6, 0, 4, 0, 0, 2, 1, 9, 9,
        9, 9, 9, 0, 6, 0, 8, 0, 2, 2, 2, 2, 0, 8, 0, 4, 0, 9, 9, 9,
        9, 9, 1, 0, 6, 0, 6, 0, 0, 0, 0, 0, 0, 4, 0, 4, 0, 1, 9, 9,
        9, 9, 9, 0, 0, 0, 6, 0, 0, 0, 0, 0, 0, 4, 0, 0, 0, 9, 9, 9,
        9, 9, 1, 8, 0, 9, 1, 8, 1, 8, 8, 1, 8, 1, 9, 0, 8, 1, 9, 9,
        9, 9, 9, 9, 9, 9, 9, 9, 9, 9, 9, 9, 9, 9, 9, 9, 9, 9, 9, 9
      ]
    },
    {
      "no": "53",
      "width": 20,
      "height": 12,
      "map": [
        9, 9, 9, 9, 9, 9, 9, 9, 9, 9, 9, 9, 9, 9, 9, 9, 9, 9, 9, 9,
        9, 9, 1, 9, 8, 0, 0, 0, 0, 8, 0, 0, 0, 6, 0, 2, 0, 4, 9, 9,
        9, 9, 1, 2, 0, 4, 0, 0, 0, 0, 0, 4, 0, 6, 0, 0, 0, 4, 9, 9,
        9, 9, 9, 0, 0, 0, 0, 6, 0, 4, 6, 0, 0, 4, 8, 8, 0, 6, 9, 9,
        9, 9, 1, 8, 0, 2, 0, 0, 8, 0, 0, 2, 0, 2, 7, 6, 0, 4, 9, 9,
        9, 9, 9, 0, 2, 0, 8, 0, 0, 0, 0, 2, 0, 0, 2, 4, 0, 2, 9, 9,
        9, 9, 1, 2, 0, 0, 4, 0, 9, 6, 6, 0, 4, 0, 0, 8, 8, 0, 9, 9,
        9, 9, 9, 0, 0, 0, 4, 0, 6, 0, 6, 0, 0, 8, 8, 0, 2, 0, 9, 9,
        9, 9, 0, 0, 0, 0, 0, 8, 0, 6, 0, 0, 4, 6, 0, 0, 0, 4, 9, 9,
        9, 9, 9, 0, 0, 8, 6, 6, 0, 0, 6, 0, 0, 0, 0, 0, 0, 9, 9, 9,
        9, 9, 1, 8, 0, 0, 6, 0, 6, 0, 0, 0, 4, 0, 0, 0, 8, 0, 9, 9,
        9, 9, 9, 9, 9, 9, 9, 9, 9, 9, 9, 9, 9, 9, 9, 9, 9, 9, 9, 9
      ]
    },
    {
      "no": "54",
      "width": 20,
      "height": 12,
      "map": [
        9, 9, 9, 9, 9, 9, 9, 9, 9, 9, 9, 9, 9, 9, 9, 9, 9, 9, 9, 9,
        9, 9, 0, 6, 0, 4, 0, 0, 2, 1, 9, 1, 6, 4, 1, 9, 1, 2, 9, 9,
        9, 9, 0, 0, 1, 0, 0, 4, 8, 6, 0, 4, 0, 0, 6, 0, 4, 8, 9, 9,
        9, 9, 0, 0, 0, 0, 0, 0, 2, 6, 0, 0, 0, 0, 0, 0, 4, 0, 9, 9,
        9, 9, 0, 0, 0, 0, 4, 0, 0, 0, 2, 0, 2, 2, 0, 2, 0, 4, 9, 9,
        9, 9, 8, 0, 0, 0, 0, 4, 0, 6, 0, 6, 0, 0, 0, 0, 0, 0, 9, 9,
        9, 9, 2, 8, 8, 0, 0, 0, 0, 0, 4, 9, 8, 0, 0, 0, 0, 4, 9, 9,
        9, 9, 0, 4, 0, 8, 0, 0, 0, 4, 4, 0, 2, 0, 0, 8, 2, 1, 9, 9,
        9, 9, 8, 2, 0, 0, 8, 0, 8, 0, 0, 0, 0, 0, 6, 0, 0, 7, 9, 9,
        9, 9, 0, 0, 0, 4, 6, 0, 0, 4, 8, 0, 0, 0, 0, 1, 8, 1, 9, 9,
        9, 9, 1, 8, 8, 0, 0, 6, 0, 0, 0, 4, 8, 1, 6, 0, 0, 8, 9, 9,
        9, 9, 9, 9, 9, 9, 9, 9, 9, 9, 9, 9, 9, 9, 9, 9, 9, 9, 9, 9
      ]
    },
    {
      "no": "55",
      "width": 20,
      "height": 12,
      "map": [
        9, 9, 9, 9, 9, 9, 9, 9, 9, 9, 9, 9, 9, 9, 9, 9, 9, 9, 9, 9,
        9, 9, 1, 2, 0, 0, 2, 0, 2, 0, 9, 0, 1, 2, 0, 2, 8, 4, 9, 9,
        9, 9, 9, 0, 6, 0, 0, 4, 0, 2, 9, 2, 9, 0, 0, 0, 6, 6, 9, 9,
        9, 9, 6, 8, 0, 0, 0, 0, 0, 0, 9, 0, 0, 0, 4, 0, 4, 8, 9, 9,
        9, 9, 0, 0, 0, 1, 1, 0, 0, 4, 9, 6, 0, 0, 0, 0, 6, 6, 9, 9,
        9, 9, 0, 2, 4, 0, 0, 0, 8, 0, 9, 1, 0, 0, 0, 0, 0, 4, 9, 9,
        9, 9, 0, 0, 0, 8, 0, 6, 0, 0, 4, 0, 1, 0, 0, 6, 0, 4, 9, 9,
        9, 9, 0, 0, 0, 2, 9, 1, 9, 0, 0, 9, 0, 0, 0, 2, 6, 6, 9, 9,
        9, 9, 6, 0, 4, 0, 2, 9, 1, 2, 9, 0, 0, 0, 0, 6, 0, 2, 9, 9,
        9, 9, 0, 2, 6, 0, 0, 0, 9, 0, 4, 0, 9, 0, 0, 8, 0, 6, 9, 9,
        9, 9, 7, 0, 0, 8, 8, 9, 1, 8, 0, 9, 1, 8, 0, 9, 8, 0, 9, 9,
        9, 9, 9, 9, 9, 9, 9, 9, 9, 9, 9, 9, 9, 9, 9, 9, 9, 9, 9, 9
      ]
    },
    {
      "no": "56",
      "width": 20,
      "height": 12,
      "map": [
        9, 9, 9, 9, 9, 9, 9, 9, 9, 9, 9, 9, 9, 9, 9, 9, 9, 9, 9, 9,
        9, 9, 1, 9, 0, 2, 9, 1, 9, 0, 0, 0, 0, 0, 2, 2, 0, 0, 9, 9,
        9, 9, 6, 0, 0, 0, 0, 4, 0, 0, 0, 0, 0, 0, 6, 0, 0, 1, 9, 9,
        9, 9, 0, 0, 0, 2, 0, 0, 0, 6, 0, 0, 0, 0, 0, 8, 0, 9, 9, 9,
        9, 9, 0, 0, 0, 2, 0, 9, 0, 9, 6, 0, 0, 0, 0, 0, 2, 1, 9, 9,
        9, 9, 6, 0, 0, 0, 4, 1, 9, 1, 6, 0, 0, 0, 0, 4, 0, 9, 9, 9,
        9, 9, 1, 9, 0, 0, 0, 9, 0, 9, 0, 0, 0, 8, 0, 0, 8, 1, 9, 9,
        9, 9, 9, 6, 0, 0, 0, 0, 0, 0, 0, 0, 0, 2, 0, 8, 7, 9, 9, 9,
        9, 9, 6, 0, 0, 0, 0, 2, 0, 0, 0, 0, 0, 0, 9, 8, 9, 9, 9, 9,
        9, 9, 0, 0, 0, 1, 0, 0, 0, 0, 0, 0, 4, 0, 0, 0, 0, 4, 9, 9,
        9, 9, 0, 0, 0, 0, 8, 8, 0, 0, 0, 0, 0, 8, 0, 0, 0, 0, 9, 9,
        9, 9, 9, 9, 9, 9, 9, 9, 9, 9, 9, 9, 9, 9, 9, 9, 9, 9, 9, 9
      ]
    },
    {
      "no": "57",
      "width": 20,
      "height": 12,
      "map": [
        9, 9, 9, 9, 9, 9, 9, 9, 9, 9, 9, 9, 9, 9, 9, 9, 9, 9, 9, 9,
        9, 9, 6, 2, 0, 0, 0, 0, 0, 0, 0, 0, 2, 0, 0, 9, 2, 1, 9, 9,
        9, 9, 0, 0, 0, 9, 9, 9, 9, 9, 9, 9, 0, 6, 0, 4, 0, 2, 9, 9,
        9, 9, 0, 0, 2, 6, 0, 4, 9, 7, 2, 0, 0, 0, 4, 4, 0, 2, 9, 9,
        9, 9, 0, 0, 2, 6, 0, 4, 9, 1, 0, 8, 8, 0, 0, 0, 8, 6, 9, 9,
        9, 9, 0, 0, 0, 0, 0, 0, 9, 6, 0, 9, 1, 9, 2, 0, 2, 2, 9, 9,
        9, 9, 0, 0, 2, 9, 8, 0, 9, 0, 0, 9, 9, 2, 0, 0, 2, 8, 9, 9,
        9, 9, 8, 0, 8, 9, 8, 0, 9, 0, 8, 9, 0, 0, 0, 6, 0, 4, 9, 9,
        9, 9, 0, 8, 0, 6, 9, 9, 9, 2, 0, 9, 0, 8, 8, 9, 0, 2, 9, 9,
        9, 9, 6, 0, 0, 4, 6, 4, 6, 0, 0, 4, 0, 0, 0, 0, 0, 0, 9, 9,
        9, 9, 1, 9, 0, 4, 0, 0, 6, 0, 4, 0, 0, 0, 0, 0, 0, 0, 9, 9,
        9, 9, 9, 9, 9, 9, 9, 9, 9, 9, 9, 9, 9, 9, 9, 9, 9, 9, 9, 9
      ]
    },
    {
      "no": "58",
      "width": 20,
      "height": 12,
      "map": [
        9, 9, 9, 9, 9, 9, 9, 9, 9, 9, 9, 9, 9, 9, 9, 9, 9, 9, 9, 9,
        9, 9, 8, 9, 4, 2, 2, 8, 6, 2, 0, 0, 0, 0, 2, 0, 0, 0, 9, 9,
        9, 9, 8, 2, 1, 0, 0, 0, 8, 0, 2, 0, 8, 6, 0, 0, 2, 4, 9, 9,
        9, 9, 4, 0, 0, 0, 0, 4, 6, 0, 0, 0, 6, 0, 0, 0, 0, 4, 9, 9,
        9, 9, 2, 8, 8, 8, 8, 2, 0, 8, 8, 6, 6, 2, 0, 0, 8, 0, 9, 9,
        9, 9, 0, 6, 0, 0, 0, 0, 4, 7, 6, 6, 0, 4, 0, 0, 2, 0, 9, 9,
        9, 9, 8, 6, 6, 0, 0, 0, 4, 4, 2, 6, 0, 0, 2, 4, 0, 0, 9, 9,
        9, 9, 0, 0, 2, 9, 2, 0, 0, 2, 2, 0, 2, 0, 4, 0, 8, 0, 9, 9,
        9, 9, 0, 0, 0, 0, 0, 0, 0, 0, 0, 0, 0, 4, 6, 0, 0, 4, 9, 9,
        9, 9, 9, 0, 8, 4, 2, 9, 2, 0, 0, 4, 0, 4, 0, 6, 0, 4, 9, 9,
        9, 9, 1, 6, 0, 0, 4, 1, 9, 4, 2, 8, 8, 2, 9, 1, 9, 1, 9, 9,
        9, 9, 9, 9, 9, 9, 9, 9, 9, 9, 9, 9, 9, 9, 9, 9, 9, 9, 9, 9
      ]
    },
    {
      "no": "59",
      "width": 20,
      "height": 12,
      "map": [
        9, 9, 9, 9, 9, 9, 9, 9, 9, 9, 9, 9, 9, 9, 9, 9, 9, 9, 9, 9,
        9, 9, 6, 0, 0, 0, 2, 2, 0, 0, 0, 2, 6, 0, 0, 0, 4, 0, 9, 9,
        9, 9, 2, 0, 0, 0, 0, 0, 0, 0, 0, 0, 0, 6, 0, 0, 0, 4, 9, 9,
        9, 9, 0, 0, 0, 6, 0, 0, 4, 0, 6, 0, 0, 0, 0, 0, 4, 0, 9, 9,
        9, 9, 0, 0, 0, 6, 0, 0, 9, 9, 0, 8, 9, 0, 0, 1, 7, 2, 9, 9,
        9, 9, 8, 2, 2, 0, 0, 9, 1, 6, 0, 0, 4, 9, 0, 0, 2, 0, 9, 9,
        9, 9, 0, 0, 0, 0, 4, 9, 6, 0, 0, 4, 1, 9, 6, 0, 0, 0, 9, 9,
        9, 9, 0, 0, 0, 0, 4, 0, 9, 0, 2, 9, 9, 6, 0, 4, 0, 0, 9, 9,
        9, 9, 0, 8, 0, 0, 0, 0, 0, 0, 0, 2, 0, 0, 0, 0, 8, 0, 9, 9,
        9, 9, 6, 0, 0, 4, 0, 0, 0, 0, 0, 0, 0, 0, 0, 8, 0, 8, 9, 9,
        9, 9, 0, 0, 0, 6, 0, 0, 0, 4, 8, 0, 0, 0, 8, 6, 0, 4, 9, 9,
        9, 9, 9, 9, 9, 9, 9, 9, 9, 9, 9, 9, 9, 9, 9, 9, 9, 9, 9, 9
      ]
    },
    {
      "no": "60",
      "width": 20,
      "height": 12,
      "map": [
        9, 9, 9, 9, 9, 9, 9, 9, 9, 9, 9, 9, 9, 9, 9, 9, 9, 9, 9, 9,
        9, 9, 0, 0, 2, 0, 2, 0, 2, 0, 2, 1, 9, 0, 0, 2, 0, 0, 9, 9,
        9, 9, 0, 0, 0, 0, 0, 0, 0, 0, 0, 9, 2, 0, 0, 0, 0, 0, 9, 9,
        9, 9, 6, 0, 0, 0, 0, 6, 0, 4, 0, 0, 1, 0, 0, 2, 0, 0, 9, 9,
        9, 9, 0, 0, 0, 0, 0, 9, 0, 0, 0, 6, 0, 4, 6, 0, 4, 4, 9, 9,
        9, 9, 0, 0, 8, 0, 0, 0, 0, 6, 7, 0, 0, 9, 0, 0, 0, 0, 9, 9,
        9, 9, 9, 0, 0, 0, 0, 0, 0, 0, 8, 0, 0, 0, 0, 2, 0, 0, 9, 9,
        9, 9, 1, 2, 0, 2, 0, 0, 0, 9, 0, 9, 0, 0, 0, 0, 2, 0, 9, 9,
        9, 9, 9, 0, 6, 0, 0, 0, 0, 4, 0, 6, 0, 0, 0, 0, 0, 0, 9, 9,
        9, 9, 1, 8, 0, 0, 0, 4, 0, 9, 9, 9, 0, 0, 0, 8, 8, 0, 9, 9,
        9, 9, 9, 0, 6, 0, 0, 0, 0, 0, 0, 0, 0, 6, 0, 0, 0, 4, 9, 9,
        9, 9, 9, 9, 9, 9, 9, 9, 9, 9, 9, 9, 9, 9, 9, 9, 9, 9, 9, 9
      ]
    },
    {
      "no": "61",
      "width": 20,
      "height": 12,
      "map": [
        9, 9, 9, 9, 9, 9, 9, 9, 9, 9, 9, 9, 9, 9, 9, 9, 9, 9, 9, 9,
        9, 9, 6, 0, 0, 0, 0, 4, 4, 0, 2, 0, 6, 0, 4, 4, 0, 4, 9, 9,
        9, 9, 9, 2, 6, 0, 0, 0, 4, 0, 0, 0, 4, 0, 0, 6, 8, 9, 9, 9,
        9, 9, 0, 0, 9, 8, 0, 0, 0, 0, 8, 8, 0, 8, 0, 9, 0, 0, 9, 9,
        9, 9, 6, 0, 0, 9, 9, 6, 0, 0, 0, 0, 4, 9, 9, 0, 0, 4, 9, 9,
        9, 9, 9, 0, 0, 0, 9, 1, 9, 6, 0, 9, 1, 9, 0, 0, 0, 9, 9, 9,
        9, 9, 1, 6, 0, 0, 0, 4, 1, 9, 9, 1, 6, 0, 0, 0, 4, 1, 9, 9,
        9, 9, 9, 0, 0, 8, 9, 9, 6, 0, 0, 4, 9, 9, 8, 0, 0, 9, 9, 9,
        9, 9, 0, 8, 0, 9, 0, 0, 0, 2, 2, 0, 0, 2, 9, 0, 8, 0, 9, 9,
        9, 9, 9, 9, 6, 0, 0, 0, 0, 0, 0, 0, 0, 0, 0, 4, 9, 2, 9, 9,
        9, 9, 7, 6, 0, 0, 0, 4, 0, 8, 0, 0, 6, 0, 8, 0, 0, 4, 9, 9,
        9, 9, 9, 9, 9, 9, 9, 9, 9, 9, 9, 9, 9, 9, 9, 9, 9, 9, 9, 9
      ]
    },
    {
      "no": "62",
      "width": 20,
      "height": 12,
      "map": [
        9, 9, 9, 9, 9, 9, 9, 9, 9, 9, 9, 9, 9, 9, 9, 9, 9, 9, 9, 9,
        9, 9, 1, 4, 4, 1, 1, 6, 0, 2, 0, 0, 2, 0, 0, 0, 2, 0, 9, 9,
        9, 9, 6, 0, 0, 4, 9, 9, 0, 0, 6, 0, 0, 4, 6, 0, 0, 4, 9, 9,
        9, 9, 0, 2, 2, 9, 1, 1, 9, 0, 0, 0, 6, 0, 4, 2, 0, 4, 9, 9,
        9, 9, 6, 0, 0, 9, 1, 6, 0, 8, 0, 9, 9, 9, 9, 2, 0, 0, 9, 9,
        9, 9, 0, 0, 8, 9, 1, 1, 6, 0, 0, 4, 1, 1, 9, 0, 0, 4, 9, 9,
        9, 9, 8, 8, 0, 9, 1, 1, 9, 0, 2, 4, 4, 9, 0, 0, 4, 4, 9, 9,
        9, 9, 1, 2, 0, 0, 9, 9, 0, 0, 2, 0, 9, 0, 0, 8, 6, 4, 9, 9,
        9, 9, 2, 0, 6, 6, 6, 0, 0, 0, 0, 9, 1, 6, 0, 0, 4, 1, 9, 9,
        9, 9, 2, 0, 6, 0, 0, 0, 4, 0, 0, 9, 9, 9, 8, 0, 0, 2, 9, 9,
        9, 9, 1, 8, 0, 0, 0, 8, 0, 6, 0, 1, 1, 7, 6, 0, 0, 8, 9, 9,
        9, 9, 9, 9, 9, 9, 9, 9, 9, 9, 9, 9, 9, 9, 9, 9, 9, 9, 9, 9
      ]
    },
    {
      "no": "63",
      "width": 20,
      "height": 12,
      "map": [
        9, 9, 9, 9, 9, 9, 9, 9, 9, 9, 9, 9, 9, 9, 9, 9, 9, 9, 9, 9,
        9, 9, 4, 4, 0, 0, 4, 0, 0, 2, 0, 2, 0, 6, 0, 0, 4, 7, 9, 9,
        9, 9, 6, 0, 0, 0, 0, 4, 6, 0, 4, 0, 0, 2, 2, 4, 2, 2, 9, 9,
        9, 9, 0, 6, 0, 0, 0, 0, 4, 0, 0, 0, 2, 6, 0, 4, 2, 0, 9, 9,
        9, 9, 6, 1, 2, 8, 0, 0, 0, 0, 8, 8, 6, 0, 0, 4, 0, 0, 9, 9,
        9, 9, 6, 0, 0, 4, 8, 9, 0, 0, 6, 0, 4, 0, 0, 0, 0, 0, 9, 9,
        9, 9, 0, 8, 8, 0, 0, 0, 2, 0, 6, 0, 0, 4, 8, 0, 8, 0, 9, 9,
        9, 9, 9, 0, 0, 0, 2, 9, 0, 0, 6, 0, 0, 4, 2, 0, 0, 8, 9, 9,
        9, 9, 1, 2, 0, 9, 0, 0, 8, 0, 0, 8, 0, 6, 0, 4, 0, 0, 9, 9,
        9, 9, 9, 0, 6, 0, 0, 0, 4, 9, 0, 6, 0, 6, 0, 0, 0, 0, 9, 9,
        9, 9, 1, 8, 1, 6, 8, 0, 4, 1, 9, 6, 0, 0, 0, 4, 0, 0, 9, 9,
        9, 9, 9, 9, 9, 9, 9, 9, 9, 9, 9, 9, 9, 9, 9, 9, 9, 9, 9, 9
      ]
    },
    {
      "no": "64",
      "width": 20,
      "height": 12,
      "map": [
        9, 9, 9, 9, 9, 9, 9, 9, 9, 9, 9, 9, 9, 9, 9, 9, 9, 9, 9, 9,
        9, 9, 1, 2, 6, 0, 0, 0, 2, 0, 1, 2, 2, 0, 0, 0, 0, 0, 9, 9,
        9, 9, 9, 0, 6, 0, 0, 4, 0, 1, 7, 1, 0, 0, 6, 0, 0, 4, 9, 9,
        9, 9, 1, 8, 0, 2, 0, 2, 1, 0, 1, 0, 0, 0, 0, 4, 2, 0, 9, 9,
        9, 9, 9, 0, 2, 0, 6, 0, 0, 4, 0, 0, 6, 0, 0, 4, 0, 0, 9, 9,
        9, 9, 0, 0, 0, 0, 0, 0, 6, 0, 0, 4, 0, 0, 0, 0, 0, 0, 9, 9,
        9, 9, 6, 2, 0, 8, 6, 0, 0, 2, 2, 0, 2, 0, 0, 0, 8, 2, 9, 9,
        9, 9, 6, 0, 4, 2, 0, 0, 0, 0, 0, 0, 0, 2, 2, 2, 0, 0, 9, 9,
        9, 9, 0, 0, 0, 0, 0, 8, 8, 0, 0, 0, 8, 0, 0, 0, 4, 8, 9, 9,
        9, 9, 1, 8, 0, 0, 6, 0, 4, 0, 8, 0, 0, 0, 0, 0, 0, 4, 9, 9,
        9, 9, 6, 0, 0, 8, 1, 0, 1, 4, 6, 0, 4, 8, 0, 8, 0, 0, 9, 9,
        9, 9, 9, 9, 9, 9, 9, 9, 9, 9, 9, 9, 9, 9, 9, 9, 9, 9, 9, 9
      ]
    },
    {
      "no": "65",
      "width": 20,
      "height": 12,
      "map": [
        9, 9, 9, 9, 9, 9, 9, 9, 9, 9, 9, 9, 9, 9, 9, 9, 9, 9, 9, 9,
        9, 9, 0, 2, 2, 0, 2, 0, 9, 1, 6, 0, 0, 0, 0, 0, 4, 1, 9, 9,
        9, 9, 0, 0, 0, 0, 2, 0, 9, 9, 0, 0, 2, 0, 0, 0, 0, 9, 9, 9,
        9, 9, 0, 6, 0, 4, 0, 0, 0, 0, 0, 0, 0, 0, 0, 2, 8, 1, 9, 9,
        9, 9, 0, 0, 6, 0, 0, 0, 9, 0, 0, 0, 8, 0, 0, 0, 9, 9, 9, 9,
        9, 9, 0, 0, 0, 6, 0, 4, 1, 6, 0, 0, 0, 0, 4, 1, 7, 1, 9, 9,
        9, 9, 0, 0, 0, 0, 0, 9, 9, 0, 0, 2, 0, 0, 0, 0, 9, 9, 9, 9,
        9, 9, 6, 0, 0, 4, 0, 0, 0, 2, 0, 0, 2, 0, 0, 8, 0, 1, 9, 9,
        9, 9, 0, 0, 0, 0, 0, 0, 0, 2, 0, 0, 0, 0, 4, 0, 9, 9, 9, 9,
        9, 9, 0, 0, 0, 0, 0, 0, 0, 0, 0, 0, 0, 0, 0, 0, 4, 4, 9, 9,
        9, 9, 0, 0, 0, 0, 0, 8, 0, 0, 0, 0, 8, 0, 0, 0, 0, 0, 9, 9,
        9, 9, 9, 9, 9, 9, 9, 9, 9, 9, 9, 9, 9, 9, 9, 9, 9, 9, 9, 9
      ]
    },
    {
      "no": "66",
      "width": 20,
      "height": 12,
      "map": [
        9, 9, 9, 9, 9, 9, 9, 9, 9, 9, 9, 9, 9, 9, 9, 9, 9, 9, 9, 9,
        9, 9, 0, 2, 0, 2, 0, 6, 0, 0, 9, 0, 2, 2, 0, 9, 2, 1, 9, 9,
        9, 9, 6, 6, 0, 0, 0, 0, 0, 0, 0, 6, 0, 0, 0, 4, 0, 2, 9, 9,
        9, 9, 6, 0, 4, 0, 0, 0, 0, 8, 9, 6, 0, 0, 0, 0, 8, 6, 9, 9,
        9, 9, 1, 0, 0, 0, 0, 0, 2, 6, 0, 4, 0, 0, 2, 8, 4, 0, 9, 9,
        9, 9, 9, 9, 9, 8, 8, 9, 0, 7, 0, 2, 0, 6, 0, 0, 0, 4, 9, 9,
        9, 9, 0, 0, 0, 2, 0, 6, 8, 0, 0, 0, 9, 9, 2, 9, 9, 9, 9, 9,
        9, 9, 4, 2, 8, 0, 0, 4, 6, 0, 4, 8, 0, 6, 0, 4, 2, 1, 9, 9,
        9, 9, 8, 0, 0, 8, 0, 0, 0, 9, 0, 6, 0, 4, 0, 4, 0, 2, 9, 9,
        9, 9, 8, 0, 6, 0, 0, 0, 0, 0, 0, 0, 0, 0, 4, 0, 0, 8, 9, 9,
        9, 9, 1, 8, 9, 0, 6, 0, 4, 9, 8, 0, 8, 0, 0, 0, 8, 1, 9, 9,
        9, 9, 9, 9, 9, 9, 9, 9, 9, 9, 9, 9, 9, 9, 9, 9, 9, 9, 9, 9
      ]
    },
    {
      "no": "67",
      "width": 20,
      "height": 12,
      "map": [
        9, 9, 9, 9, 9, 9, 9, 9, 9, 9, 9, 9, 9, 9, 9, 9, 9, 9, 9, 9,
        9, 9, 1, 9, 2, 0, 4, 6, 0, 0, 0, 2, 6, 6, 0, 0, 0, 0, 9, 9,
        9, 9, 2, 0, 2, 2, 0, 6, 0, 0, 4, 0, 0, 0, 2, 0, 6, 6, 9, 9,
        9, 9, 0, 0, 0, 0, 4, 0, 0, 8, 0, 8, 0, 0, 6, 0, 4, 2, 9, 9,
        9, 9, 8, 2, 0, 8, 0, 2, 0, 9, 6, 0, 0, 0, 0, 4, 0, 0, 9, 9,
        9, 9, 0, 0, 0, 0, 0, 0, 6, 0, 4, 0, 8, 6, 0, 0, 4, 8, 9, 9,
        9, 9, 0, 0, 0, 6, 0, 2, 0, 1, 0, 0, 6, 0, 0, 4, 2, 7, 9, 9,
        9, 9, 9, 6, 6, 8, 0, 0, 0, 0, 0, 0, 0, 2, 6, 0, 0, 4, 9, 9,
        9, 9, 1, 2, 0, 4, 0, 0, 8, 2, 0, 6, 0, 0, 4, 0, 0, 0, 9, 9,
        9, 9, 9, 0, 6, 0, 4, 8, 1, 0, 0, 0, 0, 0, 4, 8, 8, 2, 9, 9,
        9, 9, 1, 8, 1, 9, 0, 0, 0, 8, 0, 0, 8, 8, 0, 8, 0, 0, 9, 9,
        9, 9, 9, 9, 9, 9, 9, 9, 9, 9, 9, 9, 9, 9, 9, 9, 9, 9, 9, 9
      ]
    },
    {
      "no": "68",
      "width": 20,
      "height": 12,
      "map": [
        9, 9, 9, 9, 9, 9, 9, 9, 9, 9, 9, 9, 9, 9, 9, 9, 9, 9, 9, 9,
        9, 9, 1, 9, 8, 6, 4, 1, 2, 0, 0, 2, 2, 6, 6, 6, 2, 1, 9, 9,
        9, 9, 6, 0, 0, 4, 1, 9, 0, 0, 0, 0, 0, 2, 6, 2, 0, 9, 9, 9,
        9, 9, 6, 0, 0, 4, 6, 0, 0, 0, 0, 0, 8, 1, 9, 2, 8, 1, 9, 9,
        9, 9, 0, 2, 0, 0, 9, 0, 0, 0, 0, 0, 4, 9, 1, 9, 1, 9, 9, 9,
        9, 9, 2, 0, 0, 0, 2, 0, 0, 0, 0, 0, 0, 2, 6, 0, 4, 8, 9, 9,
        9, 9, 0, 8, 6, 0, 0, 0, 0, 0, 0, 0, 0, 0, 9, 4, 4, 8, 9, 9,
        9, 9, 0, 2, 6, 0, 4, 0, 0, 0, 6, 0, 0, 0, 0, 2, 4, 8, 9, 9,
        9, 9, 0, 0, 0, 2, 0, 0, 0, 0, 0, 0, 0, 0, 0, 0, 0, 4, 9, 9,
        9, 9, 8, 8, 1, 0, 4, 8, 0, 9, 0, 8, 8, 8, 0, 0, 2, 8, 9, 9,
        9, 9, 4, 4, 2, 8, 0, 0, 8, 1, 9, 0, 7, 0, 8, 8, 2, 6, 9, 9,
        9, 9, 9, 9, 9, 9, 9, 9, 9, 9, 9, 9, 9, 9, 9, 9, 9, 9, 9, 9
      ]
    },
    {
      "no": "69",
      "width": 20,
      "height": 12,
      "map": [
        9, 9, 9, 9, 9, 9, 9, 9, 9, 9, 9, 9, 9, 9, 9, 9, 9, 9, 9, 9,
        9, 9, 0, 2, 0, 2, 0, 0, 0, 2, 0, 0, 0, 0, 0, 0, 2, 0, 9, 9,
        9, 9, 9, 0, 0, 0, 0, 4, 6, 0, 4, 9, 0, 0, 0, 0, 0, 0, 9, 9,
        9, 9, 1, 2, 0, 8, 6, 0, 0, 0, 2, 1, 9, 0, 0, 0, 0, 4, 9, 9,
        9, 9, 9, 0, 6, 0, 0, 0, 0, 4, 0, 6, 0, 0, 0, 0, 0, 4, 9, 9,
        9, 9, 1, 8, 0, 0, 0, 0, 0, 4, 8, 1, 9, 2, 0, 0, 0, 0, 9, 9,
        9, 9, 9, 0, 2, 0, 0, 7, 0, 0, 0, 9, 1, 0, 6, 0, 0, 4, 9, 9,
        9, 9, 2, 0, 0, 0, 0, 0, 0, 4, 0, 6, 2, 0, 0, 0, 0, 0, 9, 9,
        9, 9, 0, 0, 0, 4, 6, 0, 0, 0, 4, 2, 0, 0, 0, 0, 0, 2, 9, 9,
        9, 9, 6, 0, 0, 0, 4, 0, 0, 0, 0, 2, 0, 0, 0, 0, 0, 4, 9, 9,
        9, 9, 8, 0, 8, 0, 0, 0, 0, 8, 0, 0, 8, 8, 0, 0, 0, 8, 9, 9,
        9, 9, 9, 9, 9, 9, 9, 9, 9, 9, 9, 9, 9, 9, 9, 9, 9, 9, 9, 9
      ]
    },
    {
      "no": "70",
      "width": 20,
      "height": 12,
      "map": [
        9, 9, 9, 9, 9, 9, 9, 9, 9, 9, 9, 9, 9, 9, 9, 9, 9, 9, 9, 9,
        9, 9, 9, 0, 2, 0, 8, 0, 0, 6, 0, 0, 0, 0, 0, 0, 4, 1, 9, 9,
        9, 9, 0, 0, 0, 0, 0, 0, 0, 0, 6, 0, 6, 0, 0, 0, 0, 4, 9, 9,
        9, 9, 2, 2, 0, 0, 2, 8, 0, 0, 2, 0, 0, 0, 2, 0, 9, 0, 9, 9,
        9, 9, 0, 0, 0, 0, 0, 6, 0, 4, 8, 6, 0, 4, 0, 0, 0, 0, 9, 9,
        9, 9, 6, 0, 0, 0, 0, 0, 0, 4, 2, 6, 0, 0, 0, 0, 2, 2, 9, 9,
        9, 9, 6, 0, 0, 8, 0, 0, 0, 0, 8, 0, 0, 2, 0, 0, 0, 2, 9, 9,
        9, 9, 2, 0, 8, 0, 0, 0, 8, 0, 2, 0, 8, 2, 8, 8, 0, 2, 9, 9,
        9, 9, 0, 8, 8, 0, 8, 0, 8, 0, 8, 6, 0, 0, 0, 4, 0, 0, 9, 9,
        9, 9, 9, 0, 9, 9, 0, 0, 0, 9, 2, 9, 8, 0, 0, 9, 0, 1, 9, 9,
        9, 9, 1, 6, 0, 0, 0, 0, 4, 1, 8, 1, 6, 0, 4, 1, 8, 7, 9, 9,
        9, 9, 9, 9, 9, 9, 9, 9, 9, 9, 9, 9, 9, 9, 9, 9, 9, 9, 9, 9
      ]
    },
    {
      "no": "71",
      "width": 20,
      "height": 12,
      "map": [
        9, 9, 9, 9, 9, 9, 9, 9, 9, 9, 9, 9, 9, 9, 9, 9, 9, 9, 9, 9,
        9, 9, 1, 2, 0, 2, 0, 0, 0, 6, 0, 0, 2, 6, 0, 0, 0, 4, 9, 9,
        9, 9, 9, 0, 8, 0, 0, 2, 0, 0, 6, 0, 4, 7, 2, 0, 2, 2, 9, 9,
        9, 9, 1, 8, 0, 0, 6, 0, 0, 4, 0, 2, 0, 2, 0, 6, 0, 4, 9, 9,
        9, 9, 9, 0, 0, 8, 0, 8, 0, 0, 0, 0, 6, 0, 0, 2, 0, 0, 9, 9,
        9, 9, 1, 2, 0, 0, 0, 0, 2, 0, 0, 0, 6, 0, 0, 0, 0, 2, 9, 9,
        9, 9, 9, 0, 6, 0, 4, 8, 0, 0, 6, 0, 4, 8, 8, 8, 4, 0, 9, 9,
        9, 9, 1, 8, 0, 0, 4, 0, 8, 6, 6, 0, 0, 0, 0, 0, 2, 0, 9, 9,
        9, 9, 9, 0, 2, 0, 0, 0, 0, 0, 0, 6, 6, 0, 0, 0, 0, 0, 9, 9,
        9, 9, 0, 0, 0, 0, 6, 0, 4, 4, 0, 8, 0, 6, 0, 0, 8, 0, 9, 9,
        9, 9, 8, 0, 8, 0, 1, 0, 0, 0, 0, 0, 4, 0, 6, 0, 0, 8, 9, 9,
        9, 9, 9, 9, 9, 9, 9, 9, 9, 9, 9, 9, 9, 9, 9, 9, 9, 9, 9, 9
      ]
    },
    {
      "no": "72",
      "width": 20,
      "height": 12,
      "map": [
        9, 9, 9, 9, 9, 9, 9, 9, 9, 9, 9, 9, 9, 9, 9, 9, 9, 9, 9, 9,
        9, 9, 0, 0, 0, 0, 4, 0, 0, 0, 6, 0, 4, 0, 0, 0, 2, 1, 9, 9,
        9, 9, 6, 0, 0, 0, 1, 6, 0, 0, 4, 0, 6, 0, 0, 4, 0, 9, 9, 9,
        9, 9, 0, 0, 0, 4, 7, 2, 2, 2, 0, 0, 2, 9, 2, 0, 8, 1, 9, 9,
        9, 9, 6, 0, 0, 4, 1, 0, 0, 0, 0, 0, 0, 2, 0, 2, 2, 9, 9, 9,
        9, 9, 1, 8, 8, 0, 2, 0, 2, 0, 6, 0, 0, 0, 0, 0, 0, 4, 9, 9,
        9, 9, 6, 0, 0, 4, 0, 8, 0, 8, 6, 0, 4, 0, 8, 1, 8, 0, 9, 9,
        9, 9, 9, 8, 0, 0, 0, 0, 0, 0, 2, 2, 0, 0, 2, 0, 0, 0, 9, 9,
        9, 9, 1, 2, 8, 0, 8, 0, 8, 0, 0, 0, 0, 0, 0, 6, 0, 4, 9, 9,
        9, 9, 9, 0, 0, 6, 0, 0, 4, 0, 0, 0, 4, 8, 0, 0, 1, 0, 9, 9,
        9, 9, 1, 8, 6, 0, 0, 0, 0, 0, 0, 8, 0, 8, 8, 6, 0, 4, 9, 9,
        9, 9, 9, 9, 9, 9, 9, 9, 9, 9, 9, 9, 9, 9, 9, 9, 9, 9, 9, 9
      ]
    },
    {
      "no": "73",
      "width": 20,
      "height": 12,
      "map": [
        9, 9, 9, 9, 9, 9, 9, 9, 9, 9, 9, 9, 9, 9, 9, 9, 9, 9, 9, 9,
        9, 9, 0, 0, 0, 6, 0, 0, 4, 4, 0, 6, 0, 2, 1, 2, 0, 1, 9, 9,
        9, 9, 2, 6, 0, 4, 4, 2, 0, 0, 6, 0, 4, 0, 2, 0, 2, 0, 9, 9,
        9, 9, 0, 6, 0, 0, 0, 0, 4, 2, 0, 0, 6, 8, 0, 6, 0, 4, 9, 9,
        9, 9, 0, 6, 0, 0, 4, 0, 0, 0, 0, 0, 0, 0, 8, 0, 0, 0, 9, 9,
        9, 9, 8, 7, 2, 2, 2, 0, 0, 0, 9, 8, 0, 0, 0, 4, 0, 9, 9, 9,
        9, 9, 0, 4, 0, 6, 0, 0, 0, 4, 0, 2, 0, 4, 0, 0, 2, 1, 9, 9,
        9, 9, 0, 2, 8, 0, 0, 2, 0, 0, 6, 0, 4, 0, 0, 8, 0, 9, 9, 9,
        9, 9, 0, 0, 6, 0, 8, 0, 6, 0, 4, 0, 0, 0, 8, 0, 8, 1, 9, 9,
        9, 9, 1, 0, 6, 0, 0, 0, 0, 0, 0, 8, 6, 0, 0, 0, 0, 9, 9, 9,
        9, 9, 0, 8, 6, 0, 4, 8, 0, 4, 8, 0, 0, 4, 0, 0, 0, 0, 9, 9,
        9, 9, 9, 9, 9, 9, 9, 9, 9, 9, 9, 9, 9, 9, 9, 9, 9, 9, 9, 9
      ]
    },
    {
      "no": "74",
      "width": 20,
      "height": 12,
      "map": [
        9, 9, 9, 9, 9, 9, 9, 9, 9, 9, 9, 9, 9, 9, 9, 9, 9, 9, 9, 9,
        9, 9, 1, 6, 0, 4, 9, 1, 2, 0, 0, 2, 7, 2, 0, 2, 2, 0, 9, 9,
        9, 9, 2, 6, 0, 0, 4, 2, 8, 0, 2, 0, 2, 0, 0, 0, 0, 0, 9, 9,
        9, 9, 0, 0, 0, 0, 0, 0, 6, 0, 0, 0, 0, 0, 0, 0, 0, 4, 9, 9,
        9, 9, 0, 6, 0, 0, 4, 0, 9, 6, 0, 0, 0, 0, 4, 0, 8, 0, 9, 9,
        9, 9, 8, 0, 0, 0, 0, 8, 1, 2, 6, 0, 0, 0, 0, 0, 0, 8, 9, 9,
        9, 9, 1, 6, 0, 0, 4, 1, 9, 0, 0, 0, 0, 1, 6, 0, 4, 1, 9, 9,
        9, 9, 2, 0, 0, 0, 0, 9, 1, 8, 0, 8, 0, 9, 0, 8, 0, 2, 9, 9,
        9, 9, 0, 0, 8, 0, 0, 0, 9, 0, 9, 0, 8, 0, 0, 0, 0, 0, 9, 9,
        9, 9, 8, 6, 0, 0, 0, 0, 0, 0, 0, 0, 0, 0, 0, 0, 4, 8, 9, 9,
        9, 9, 1, 9, 6, 0, 0, 0, 0, 0, 0, 0, 0, 0, 0, 0, 9, 1, 9, 9,
        9, 9, 9, 9, 9, 9, 9, 9, 9, 9, 9, 9, 9, 9, 9, 9, 9, 9, 9, 9
      ]
    },
    {
      "no": "75",
      "width": 20,
      "height": 12,
      "map": [
        9, 9, 9, 9, 9, 9, 9, 9, 9, 9, 9, 9, 9, 9, 9, 9, 9, 9, 9, 9,
        9, 9, 6, 0, 0, 0, 0, 0, 4, 0, 0, 0, 0, 0, 0, 0, 2, 1, 9, 9,
        9, 9, 2, 0, 6, 4, 0, 0, 0, 0, 0, 0, 0, 0, 0, 4, 0, 9, 9, 9,
        9, 9, 0, 2, 0, 2, 0, 0, 6, 0, 0, 4, 6, 0, 0, 4, 0, 0, 9, 9,
        9, 9, 0, 0, 6, 0, 0, 4, 0, 0, 2, 1, 7, 1, 2, 0, 0, 0, 9, 9,
        9, 9, 0, 0, 0, 0, 4, 0, 6, 0, 0, 0, 4, 0, 0, 0, 0, 0, 9, 9,
        9, 9, 8, 0, 0, 0, 0, 4, 0, 2, 0, 0, 4, 0, 8, 8, 0, 0, 9, 9,
        9, 9, 0, 0, 0, 6, 0, 0, 4, 0, 8, 0, 0, 0, 2, 1, 0, 0, 9, 9,
        9, 9, 6, 0, 0, 4, 2, 0, 0, 0, 2, 8, 0, 0, 0, 8, 0, 0, 9, 9,
        9, 9, 0, 0, 8, 0, 0, 0, 0, 0, 0, 0, 4, 8, 0, 4, 8, 0, 9, 9,
        9, 9, 0, 8, 0, 8, 8, 0, 0, 8, 8, 0, 0, 0, 8, 9, 1, 9, 9, 9,
        9, 9, 9, 9, 9, 9, 9, 9, 9, 9, 9, 9, 9, 9, 9, 9, 9, 9, 9, 9
      ]
    },
    {
      "no": "76",
      "width": 20,
      "height": 12,
      "map": [
        9, 9, 9, 9, 9, 9, 9, 9, 9, 9, 9, 9, 9, 9, 9, 9, 9, 9, 9, 9,
        9, 9, 6, 1, 9, 1, 9, 1, 9, 1, 2, 1, 9, 1, 9, 1, 9, 1, 9, 9,
        9, 9, 6, 6, 0, 4, 7, 6, 0, 4, 8, 6, 0, 4, 0, 6, 0, 4, 9, 9,
        9, 9, 2, 6, 0, 0, 0, 0, 0, 4, 0, 6, 0, 0, 0, 0, 0, 4, 9, 9,
        9, 9, 8, 6, 0, 0, 0, 0, 0, 0, 0, 0, 0, 0, 0, 0, 0, 4, 9, 9,
        9, 9, 2, 0, 2, 0, 8, 2, 0, 0, 2, 2, 0, 0, 2, 0, 2, 0, 9, 9,
        9, 9, 0, 0, 0, 0, 2, 2, 6, 0, 0, 0, 8, 0, 0, 2, 0, 0, 9, 9,
        9, 9, 0, 2, 0, 0, 0, 0, 6, 0, 0, 4, 6, 0, 0, 0, 4, 4, 9, 9,
        9, 9, 0, 0, 0, 0, 0, 0, 2, 0, 8, 0, 4, 0, 0, 0, 0, 0, 9, 9,
        9, 9, 0, 0, 0, 0, 0, 0, 0, 6, 0, 0, 0, 0, 0, 0, 0, 4, 9, 9,
        9, 9, 8, 0, 8, 0, 8, 0, 8, 6, 0, 0, 4, 0, 8, 8, 8, 0, 9, 9,
        9, 9, 9, 9, 9, 9, 9, 9, 9, 9, 9, 9, 9, 9, 9, 9, 9, 9, 9, 9
      ]
    },
    {
      "no": "77",
      "width": 20,
      "height": 12,
      "map": [
        9, 9, 9, 9, 9, 9, 9, 9, 9, 9, 9, 9, 9, 9, 9, 9, 9, 9, 9, 9,
        9, 9, 6, 0, 4, 0, 2, 0, 2, 0, 2, 0, 0, 0, 8, 0, 2, 1, 9, 9,
        9, 9, 1, 2, 0, 6, 0, 2, 2, 4, 2, 0, 0, 6, 4, 0, 0, 2, 9, 9,
        9, 9, 9, 0, 6, 0, 0, 0, 0, 0, 0, 4, 2, 1, 2, 0, 0, 8, 9, 9,
        9, 9, 1, 8, 6, 0, 0, 0, 0, 0, 0, 4, 0, 6, 4, 0, 0, 0, 9, 9,
        9, 9, 9, 6, 6, 0, 0, 0, 0, 0, 0, 0, 8, 1, 8, 0, 0, 0, 9, 9,
        9, 9, 0, 0, 2, 0, 2, 0, 0, 0, 0, 0, 0, 6, 4, 0, 0, 4, 9, 9,
        9, 9, 0, 1, 0, 0, 0, 0, 0, 4, 0, 6, 0, 0, 0, 0, 0, 4, 9, 9,
        9, 9, 0, 0, 0, 0, 0, 0, 2, 0, 0, 0, 8, 8, 4, 8, 0, 0, 9, 9,
        9, 9, 6, 0, 8, 6, 0, 0, 0, 6, 0, 4, 7, 6, 0, 4, 8, 0, 9, 9,
        9, 9, 0, 0, 1, 0, 1, 0, 0, 6, 0, 0, 1, 4, 6, 0, 1, 4, 9, 9,
        9, 9, 9, 9, 9, 9, 9, 9, 9, 9, 9, 9, 9, 9, 9, 9, 9, 9, 9, 9
      ]
    },
    {
      "no": "78",
      "width": 20,
      "height": 12,
      "map": [
        9, 9, 9, 9, 9, 9, 9, 9, 9, 9, 9, 9, 9, 9, 9, 9, 9, 9, 9, 9,
        9, 9, 1, 9, 0, 2, 0, 2, 0, 2, 0, 2, 0, 2, 0, 2, 9, 1, 9, 9,
        9, 9, 6, 0, 0, 0, 0, 0, 0, 0, 0, 0, 0, 0, 0, 0, 0, 4, 9, 9,
        9, 9, 2, 1, 0, 0, 4, 0, 9, 0, 8, 0, 8, 0, 8, 7, 2, 1, 9, 9,
        9, 9, 6, 0, 4, 2, 0, 2, 9, 9, 9, 9, 9, 9, 9, 9, 9, 9, 9, 9,
        9, 9, 0, 0, 0, 0, 0, 0, 9, 2, 0, 0, 2, 0, 2, 2, 2, 4, 9, 9,
        9, 9, 0, 0, 0, 0, 0, 0, 9, 0, 0, 0, 0, 0, 0, 0, 2, 4, 9, 9,
        9, 9, 0, 0, 0, 0, 6, 0, 0, 0, 0, 4, 0, 6, 0, 4, 0, 4, 9, 9,
        9, 9, 6, 0, 0, 0, 4, 0, 9, 0, 0, 0, 6, 0, 6, 0, 0, 4, 9, 9,
        9, 9, 4, 2, 0, 0, 0, 0, 9, 0, 0, 0, 0, 0, 0, 0, 0, 4, 9, 9,
        9, 9, 2, 6, 8, 8, 0, 8, 9, 0, 6, 0, 0, 0, 0, 0, 0, 0, 9, 9,
        9, 9, 9, 9, 9, 9, 9, 9, 9, 9, 9, 9, 9, 9, 9, 9, 9, 9, 9, 9
      ]
    },
    {
      "no": "79",
      "width": 20,
      "height": 12,
      "map": [
        9, 9, 9, 9, 9, 9, 9, 9, 9, 9, 9, 9, 9, 9, 9, 9, 9, 9, 9, 9,
        9, 9, 1, 9, 1, 2, 1, 9, 1, 2, 2, 0, 0, 6, 0, 0, 2, 0, 9, 9,
        9, 9, 8, 2, 6, 0, 4, 0, 0, 0, 0, 0, 0, 6, 0, 0, 0, 4, 9, 9,
        9, 9, 0, 2, 0, 2, 0, 0, 0, 8, 0, 0, 9, 9, 0, 0, 0, 0, 9, 9,
        9, 9, 0, 6, 0, 0, 0, 0, 0, 0, 0, 2, 1, 9, 6, 0, 0, 0, 9, 9,
        9, 9, 0, 0, 0, 0, 6, 0, 0, 4, 0, 0, 2, 9, 0, 0, 8, 2, 9, 9,
        9, 9, 0, 0, 0, 0, 0, 0, 8, 7, 8, 8, 1, 9, 0, 6, 0, 0, 9, 9,
        9, 9, 0, 0, 0, 0, 4, 0, 4, 2, 6, 0, 4, 9, 0, 0, 0, 0, 9, 9,
        9, 9, 0, 0, 0, 0, 0, 0, 0, 0, 0, 9, 0, 2, 4, 2, 8, 8, 9, 9,
        9, 9, 0, 0, 0, 0, 0, 0, 8, 0, 6, 0, 0, 4, 0, 4, 9, 8, 9, 9,
        9, 9, 0, 0, 0, 8, 0, 0, 0, 8, 0, 9, 9, 8, 2, 1, 6, 6, 9, 9,
        9, 9, 9, 9, 9, 9, 9, 9, 9, 9, 9, 9, 9, 9, 9, 9, 9, 9, 9, 9
      ]
    },
    {
      "no": "80",
      "width": 20,
      "height": 12,
      "map": [
        9, 9, 9, 9, 9, 9, 9, 9, 9, 9, 9, 9, 9, 9, 9, 9, 9, 9, 9, 9,
        9, 9, 0, 0, 0, 9, 0, 6, 0, 1, 9, 0, 2, 0, 0, 9, 0, 0, 9, 9,
        9, 9, 0, 9, 6, 1, 4, 1, 9, 6, 1, 4, 0, 9, 0, 0, 0, 0, 9, 9,
        9, 9, 0, 0, 0, 4, 9, 6, 0, 1, 4, 9, 1, 0, 0, 0, 9, 0, 9, 9,
        9, 9, 0, 0, 9, 6, 1, 1, 4, 9, 6, 0, 0, 4, 9, 0, 0, 0, 9, 9,
        9, 9, 9, 1, 2, 1, 4, 9, 1, 8, 1, 2, 9, 1, 2, 1, 2, 9, 9, 9,
        9, 9, 1, 6, 1, 9, 8, 1, 4, 1, 9, 1, 1, 7, 1, 9, 0, 4, 9, 9,
        9, 9, 8, 9, 4, 0, 0, 2, 9, 6, 0, 8, 4, 9, 0, 1, 8, 1, 9, 9,
        9, 9, 4, 4, 8, 0, 9, 1, 8, 1, 0, 9, 1, 4, 8, 2, 9, 0, 9, 9,
        9, 9, 6, 2, 9, 6, 0, 4, 1, 9, 8, 1, 8, 1, 9, 1, 0, 0, 9, 9,
        9, 9, 9, 2, 6, 1, 4, 9, 6, 0, 0, 4, 9, 6, 0, 4, 8, 9, 9, 9,
        9, 9, 9, 9, 9, 9, 9, 9, 9, 9, 9, 9, 9, 9, 9, 9, 9, 9, 9, 9
      ]
    },
    {
      "no": "81",
      "width": 20,
      "height": 12,
      "map": [
        9, 9, 9, 9, 9, 9, 9, 9, 9, 9, 9, 9, 9, 9, 9, 9, 9, 9, 9, 9,
        9, 9, 0, 0, 2, 0, 0, 0, 2, 9, 0, 0, 0, 2, 0, 0, 6, 2, 9, 9,
        9, 9, 6, 0, 0, 0, 0, 0, 0, 6, 0, 4, 0, 0, 0, 0, 2, 0, 9, 9,
        9, 9, 0, 0, 0, 0, 0, 0, 8, 9, 0, 0, 0, 0, 6, 0, 0, 0, 9, 9,
        9, 9, 0, 6, 0, 4, 0, 6, 0, 0, 0, 4, 0, 0, 1, 0, 0, 0, 9, 9,
        9, 9, 0, 0, 6, 0, 0, 0, 0, 9, 7, 9, 8, 0, 9, 9, 8, 9, 9, 9,
        9, 9, 9, 9, 9, 9, 9, 9, 9, 0, 9, 0, 0, 0, 0, 0, 0, 0, 9, 9,
        9, 9, 9, 0, 0, 8, 0, 0, 0, 0, 4, 0, 0, 0, 0, 0, 0, 0, 9, 9,
        9, 9, 1, 2, 6, 0, 0, 0, 0, 0, 9, 0, 0, 8, 0, 0, 8, 0, 9, 9,
        9, 9, 9, 0, 6, 0, 0, 0, 0, 0, 4, 0, 0, 0, 0, 0, 0, 4, 9, 9,
        9, 9, 1, 8, 0, 8, 8, 0, 0, 0, 9, 6, 0, 0, 0, 4, 0, 1, 9, 9,
        9, 9, 9, 9, 9, 9, 9, 9, 9, 9, 9, 9, 9, 9, 9, 9, 9, 9, 9, 9
      ]
    },
    {
      "no": "82",
      "width": 20,
      "height": 12,
      "map": [
        9, 9, 9, 9, 9, 9, 9, 9, 9, 9, 9, 9, 9, 9, 9, 9, 9, 9, 9, 9,
        9, 9, 6, 2, 0, 2, 2, 0, 0, 0, 0, 6, 0, 0, 4, 0, 0, 2, 9, 9,
        9, 9, 0, 0, 6, 0, 0, 0, 4, 4, 6, 4, 0, 6, 0, 0, 4, 0, 9, 9,
        9, 9, 4, 0, 4, 8, 0, 8, 0, 2, 1, 6, 4, 0, 2, 0, 0, 0, 9, 9,
        9, 9, 0, 8, 0, 0, 0, 0, 0, 0, 6, 4, 1, 2, 0, 0, 4, 8, 9, 9,
        9, 9, 1, 7, 6, 0, 0, 4, 6, 0, 0, 6, 4, 0, 8, 6, 0, 0, 9, 9,
        9, 9, 0, 2, 6, 0, 0, 0, 9, 0, 6, 4, 0, 0, 4, 6, 0, 4, 9, 9,
        9, 9, 0, 0, 4, 2, 0, 2, 0, 8, 1, 6, 4, 0, 2, 0, 2, 0, 9, 9,
        9, 9, 8, 0, 0, 0, 0, 0, 4, 4, 6, 4, 1, 8, 0, 4, 0, 2, 9, 9,
        9, 9, 0, 8, 0, 0, 0, 8, 0, 0, 0, 6, 4, 6, 8, 0, 0, 0, 9, 9,
        9, 9, 8, 0, 0, 0, 0, 0, 0, 4, 4, 0, 0, 0, 0, 0, 8, 8, 9, 9,
        9, 9, 9, 9, 9, 9, 9, 9, 9, 9, 9, 9, 9, 9, 9, 9, 9, 9, 9, 9
      ]
    },
    {
      "no": "83",
      "width": 20,
      "height": 12,
      "map": [
        9, 9, 9, 9, 9, 9, 9, 9, 9, 9, 9, 9, 9, 9, 9, 9, 9, 9, 9, 9,
        9, 9, 1, 6, 0, 0, 4, 1, 9, 6, 0, 0, 0, 0, 0, 0, 0, 0, 9, 9,
        9, 9, 9, 0, 2, 2, 0, 9, 0, 0, 0, 0, 0, 8, 0, 6, 0, 4, 9, 9,
        9, 9, 1, 0, 0, 0, 0, 0, 0, 4, 9, 0, 0, 0, 0, 4, 0, 4, 9, 9,
        9, 9, 0, 0, 0, 0, 2, 0, 0, 4, 0, 2, 8, 6, 0, 4, 0, 0, 9, 9,
        9, 9, 2, 2, 0, 8, 2, 0, 0, 0, 2, 0, 0, 0, 0, 0, 2, 4, 9, 9,
        9, 9, 0, 0, 0, 6, 0, 4, 0, 0, 0, 8, 8, 6, 0, 0, 0, 0, 9, 9,
        9, 9, 0, 0, 4, 2, 0, 0, 0, 0, 2, 6, 0, 0, 0, 4, 0, 8, 9, 9,
        9, 9, 0, 8, 0, 0, 0, 0, 2, 6, 0, 4, 2, 0, 2, 7, 8, 0, 9, 9,
        9, 9, 6, 0, 4, 0, 0, 6, 0, 0, 0, 6, 0, 4, 0, 2, 0, 4, 9, 9,
        9, 9, 8, 4, 1, 9, 0, 6, 0, 4, 0, 6, 0, 1, 8, 0, 8, 0, 9, 9,
        9, 9, 9, 9, 9, 9, 9, 9, 9, 9, 9, 9, 9, 9, 9, 9, 9, 9, 9, 9
      ]
    },
    {
      "no": "84",
      "width": 20,
      "height": 12,
      "map": [
        9, 9, 9, 9, 9, 9, 9, 9, 9, 9, 9, 9, 9, 9, 9, 9, 9, 9, 9, 9,
        9, 9, 1, 9, 1, 9, 1, 9, 0, 0, 0, 0, 6, 0, 4, 2, 0, 0, 9, 9,
        9, 9, 2, 0, 6, 0, 4, 0, 0, 9, 0, 6, 0, 0, 4, 0, 1, 4, 9, 9,
        9, 9, 0, 9, 0, 2, 0, 6, 0, 4, 0, 0, 2, 2, 0, 8, 0, 0, 9, 9,
        9, 9, 0, 0, 6, 0, 0, 6, 0, 2, 0, 6, 0, 0, 0, 0, 2, 4, 9, 9,
        9, 9, 0, 9, 0, 8, 8, 0, 0, 0, 6, 0, 0, 0, 4, 0, 7, 6, 9, 9,
        9, 9, 0, 9, 0, 0, 2, 0, 8, 0, 0, 2, 0, 8, 0, 2, 0, 2, 9, 9,
        9, 9, 0, 0, 6, 0, 0, 0, 0, 0, 0, 0, 0, 0, 0, 0, 8, 4, 9, 9,
        9, 9, 0, 9, 0, 2, 0, 4, 2, 0, 0, 0, 2, 0, 0, 0, 6, 6, 9, 9,
        9, 9, 8, 0, 4, 0, 0, 6, 0, 0, 2, 8, 0, 0, 0, 0, 8, 4, 9, 9,
        9, 9, 1, 9, 0, 8, 0, 0, 8, 0, 0, 0, 8, 0, 0, 8, 8, 4, 9, 9,
        9, 9, 9, 9, 9, 9, 9, 9, 9, 9, 9, 9, 9, 9, 9, 9, 9, 9, 9, 9
      ]
    },
    {
      "no": "85",
      "width": 20,
      "height": 12,
      "map": [
        9, 9, 9, 9, 9, 9, 9, 9, 9, 9, 9, 9, 9, 9, 9, 9, 9, 9, 9, 9,
        9, 9, 1, 2, 0, 0, 0, 0, 0, 6, 0, 0, 0, 0, 0, 0, 4, 1, 9, 9,
        9, 9, 9, 0, 6, 0, 0, 0, 4, 9, 0, 2, 0, 0, 0, 2, 0, 0, 9, 9,
        9, 9, 1, 8, 0, 6, 0, 1, 0, 9, 6, 0, 0, 6, 0, 0, 0, 0, 9, 9,
        9, 9, 9, 2, 0, 0, 0, 0, 0, 9, 0, 8, 0, 0, 0, 8, 0, 0, 9, 9,
        9, 9, 6, 0, 4, 8, 8, 0, 4, 2, 0, 0, 9, 9, 9, 9, 9, 2, 9, 9,
        9, 9, 8, 9, 9, 9, 9, 9, 0, 0, 6, 0, 0, 0, 0, 0, 4, 0, 9, 9,
        9, 9, 6, 0, 0, 0, 2, 2, 4, 8, 9, 0, 2, 0, 0, 2, 0, 8, 9, 9,
        9, 9, 7, 6, 0, 0, 0, 0, 0, 0, 9, 0, 0, 0, 2, 8, 0, 2, 9, 9,
        9, 9, 6, 0, 0, 0, 0, 0, 0, 4, 9, 6, 0, 0, 0, 0, 4, 0, 9, 9,
        9, 9, 1, 6, 4, 6, 0, 0, 4, 4, 6, 8, 0, 6, 0, 4, 0, 8, 9, 9,
        9, 9, 9, 9, 9, 9, 9, 9, 9, 9, 9, 9, 9, 9, 9, 9, 9, 9, 9, 9
      ]
    },
    {
      "no": "86",
      "width": 20,
      "height": 12,
      "map": [
        9, 9, 9, 9, 9, 9, 9, 9, 9, 9, 9, 9, 9, 9, 9, 9, 9, 9, 9, 9,
        9, 9, 4, 4, 8, 2, 0, 9, 1, 2, 0, 6, 0, 0, 0, 0, 0, 4, 9, 9,
        9, 9, 6, 8, 4, 0, 2, 1, 9, 0, 6, 0, 0, 0, 0, 0, 0, 4, 9, 9,
        9, 9, 6, 2, 0, 0, 7, 9, 1, 8, 6, 0, 2, 0, 2, 0, 2, 4, 9, 9,
        9, 9, 4, 0, 0, 8, 8, 1, 9, 6, 0, 4, 6, 0, 0, 4, 0, 0, 9, 9,
        9, 9, 9, 0, 0, 0, 0, 9, 2, 4, 0, 0, 0, 0, 4, 2, 8, 2, 9, 9,
        9, 9, 9, 0, 0, 0, 0, 0, 0, 6, 0, 4, 0, 6, 0, 0, 4, 0, 9, 9,
        9, 9, 4, 0, 6, 0, 0, 4, 0, 0, 0, 2, 0, 2, 0, 0, 2, 8, 9, 9,
        9, 9, 6, 8, 0, 0, 0, 0, 0, 0, 2, 6, 0, 0, 4, 0, 0, 2, 9, 9,
        9, 9, 0, 0, 6, 0, 4, 8, 6, 0, 0, 0, 0, 0, 0, 0, 2, 4, 9, 9,
        9, 9, 6, 0, 2, 0, 0, 6, 0, 4, 8, 6, 0, 8, 4, 0, 6, 6, 9, 9,
        9, 9, 9, 9, 9, 9, 9, 9, 9, 9, 9, 9, 9, 9, 9, 9, 9, 9, 9, 9
      ]
    },
    {
      "no": "87",
      "width": 20,
      "height": 12,
      "map": [
        9, 9, 9, 9, 9, 9, 9, 9, 9, 9, 9, 9, 9, 9, 9, 9, 9, 9, 9, 9,
        9, 9, 1, 9, 2, 7, 9, 1, 2, 0, 2, 2, 2, 2, 0, 0, 9, 1, 9, 9,
        9, 9, 6, 0, 0, 1, 0, 4, 8, 0, 0, 0, 0, 0, 0, 4, 0, 2, 9, 9,
        9, 9, 0, 2, 0, 2, 2, 0, 2, 0, 6, 0, 0, 0, 0, 4, 4, 0, 9, 9,
        9, 9, 6, 0, 0, 0, 0, 9, 8, 6, 0, 8, 0, 8, 0, 0, 0, 8, 9, 9,
        9, 9, 0, 0, 8, 8, 9, 2, 6, 0, 0, 0, 0, 0, 0, 0, 4, 1, 9, 9,
        9, 9, 6, 0, 0, 0, 4, 0, 2, 2, 0, 0, 8, 0, 4, 2, 0, 2, 9, 9,
        9, 9, 6, 8, 0, 2, 0, 8, 6, 8, 6, 0, 0, 0, 4, 0, 0, 0, 9, 9,
        9, 9, 6, 0, 2, 0, 0, 0, 2, 0, 6, 0, 0, 0, 0, 0, 9, 0, 9, 9,
        9, 9, 0, 0, 0, 0, 0, 4, 8, 6, 6, 0, 0, 0, 0, 0, 0, 8, 9, 9,
        9, 9, 6, 0, 0, 8, 0, 0, 4, 0, 0, 0, 2, 0, 0, 0, 9, 1, 9, 9,
        9, 9, 9, 9, 9, 9, 9, 9, 9, 9, 9, 9, 9, 9, 9, 9, 9, 9, 9, 9
      ]
    },
    {
      "no": "88",
      "width": 20,
      "height": 12,
      "map": [
        9, 9, 9, 9, 9, 9, 9, 9, 9, 9, 9, 9, 9, 9, 9, 9, 9, 9, 9, 9,
        9, 9, 7, 0, 4, 9, 1, 2, 0, 0, 0, 2, 0, 2, 0, 6, 0, 0, 9, 9,
        9, 9, 8, 0, 0, 2, 9, 0, 9, 6, 6, 0, 0, 0, 0, 0, 0, 4, 9, 9,
        9, 9, 6, 0, 0, 0, 4, 0, 0, 9, 9, 6, 2, 0, 0, 0, 8, 2, 9, 9,
        9, 9, 0, 0, 0, 8, 9, 0, 6, 0, 0, 4, 6, 0, 0, 0, 0, 0, 9, 9,
        9, 9, 0, 2, 0, 9, 1, 8, 0, 0, 4, 9, 0, 8, 8, 6, 0, 4, 9, 9,
        9, 9, 0, 0, 0, 2, 9, 2, 0, 0, 9, 1, 9, 6, 0, 9, 0, 0, 9, 9,
        9, 9, 0, 6, 0, 0, 0, 0, 0, 0, 0, 4, 0, 0, 9, 1, 9, 0, 9, 9,
        9, 9, 0, 6, 0, 0, 4, 0, 0, 0, 6, 0, 0, 0, 0, 4, 0, 0, 9, 9,
        9, 9, 0, 8, 0, 6, 0, 0, 0, 4, 8, 0, 8, 1, 0, 2, 0, 0, 9, 9,
        9, 9, 8, 8, 8, 6, 0, 4, 8, 6, 0, 0, 0, 4, 9, 0, 6, 8, 9, 9,
        9, 9, 9, 9, 9, 9, 9, 9, 9, 9, 9, 9, 9, 9, 9, 9, 9, 9, 9, 9
      ]
    },
    {
      "no": "89",
      "width": 20,
      "height": 12,
      "map": [
        9, 9, 9, 9, 9, 9, 9, 9, 9, 9, 9, 9, 9, 9, 9, 9, 9, 9, 9, 9,
        9, 9, 0, 2, 6, 0, 2, 0, 0, 8, 2, 0, 6, 0, 4, 7, 9, 0, 9, 9,
        9, 9, 2, 0, 0, 0, 0, 0, 4, 0, 0, 2, 0, 0, 0, 9, 1, 9, 9, 9,
        9, 9, 0, 0, 6, 0, 0, 0, 0, 4, 0, 0, 6, 0, 4, 2, 2, 1, 9, 9,
        9, 9, 8, 0, 0, 8, 8, 0, 6, 2, 8, 0, 0, 0, 2, 0, 0, 9, 9, 9,
        9, 9, 0, 8, 0, 6, 0, 4, 2, 6, 0, 0, 4, 8, 0, 0, 8, 1, 9, 9,
        9, 9, 6, 0, 0, 4, 2, 6, 0, 4, 0, 0, 0, 0, 2, 8, 1, 9, 9, 9,
        9, 9, 6, 0, 0, 4, 6, 0, 0, 4, 0, 0, 0, 8, 0, 0, 2, 9, 9, 9,
        9, 9, 0, 6, 0, 0, 0, 4, 0, 0, 0, 0, 0, 2, 0, 0, 2, 1, 9, 9,
        9, 9, 0, 0, 0, 0, 0, 8, 6, 0, 4, 0, 6, 0, 0, 4, 0, 9, 9, 9,
        9, 9, 0, 8, 8, 0, 0, 9, 1, 9, 1, 9, 0, 8, 0, 0, 8, 1, 9, 9,
        9, 9, 9, 9, 9, 9, 9, 9, 9, 9, 9, 9, 9, 9, 9, 9, 9, 9, 9, 9
      ]
    },
    {
      "no": "90",
      "width": 20,
      "height": 12,
      "map": [
        9, 9, 9, 9, 9, 9, 9, 9, 9, 9, 9, 9, 9, 9, 9, 9, 9, 9, 9, 9,
        9, 9, 0, 6, 0, 4, 2, 0, 2, 0, 9, 1, 2, 6, 8, 0, 0, 0, 9, 9,
        9, 9, 0, 2, 0, 0, 0, 0, 0, 4, 2, 9, 6, 0, 4, 2, 0, 4, 9, 9,
        9, 9, 0, 0, 2, 0, 0, 0, 8, 0, 0, 0, 0, 6, 0, 0, 0, 4, 9, 9,
        9, 9, 9, 0, 0, 6, 0, 0, 4, 0, 8, 0, 0, 6, 0, 0, 4, 0, 9, 9,
        9, 9, 1, 9, 0, 9, 9, 0, 6, 0, 0, 4, 0, 0, 0, 0, 6, 9, 9, 9,
        9, 9, 6, 0, 0, 0, 0, 0, 0, 0, 0, 0, 4, 4, 9, 0, 2, 1, 9, 9,
        9, 9, 0, 0, 0, 0, 2, 8, 9, 8, 0, 2, 9, 1, 6, 0, 0, 9, 9, 9,
        9, 9, 0, 6, 8, 0, 0, 9, 1, 6, 0, 0, 4, 4, 9, 0, 8, 1, 9, 9,
        9, 9, 6, 0, 0, 4, 8, 7, 9, 6, 0, 0, 0, 6, 6, 8, 2, 9, 9, 9,
        9, 9, 0, 0, 6, 0, 0, 0, 0, 4, 0, 0, 2, 8, 2, 2, 6, 6, 9, 9,
        9, 9, 9, 9, 9, 9, 9, 9, 9, 9, 9, 9, 9, 9, 9, 9, 9, 9, 9, 9
      ]
    },
    {
      "no": "91",
      "width": 20,
      "height": 12,
      "map": [
        9, 9, 9, 9, 9, 9, 9, 9, 9, 9, 9, 9, 9, 9, 9, 9, 9, 9, 9, 9,
        9, 9, 1, 2, 8, 0, 6, 0, 0, 0, 4, 0, 6, 0, 0, 8, 4, 0, 9, 9,
        9, 9, 9, 0, 6, 0, 0, 4, 2, 0, 0, 6, 0, 0, 0, 0, 0, 4, 9, 9,
        9, 9, 1, 8, 0, 2, 9, 0, 0, 4, 0, 2, 0, 2, 0, 4, 2, 0, 9, 9,
        9, 9, 9, 0, 0, 0, 1, 0, 8, 0, 0, 2, 0, 0, 6, 0, 0, 4, 9, 9,
        9, 9, 6, 2, 2, 0, 0, 0, 0, 0, 6, 0, 4, 0, 0, 2, 2, 7, 9, 9,
        9, 9, 2, 0, 0, 8, 2, 2, 0, 9, 0, 0, 0, 8, 6, 0, 0, 2, 9, 9,
        9, 9, 0, 0, 0, 2, 0, 0, 4, 0, 6, 0, 0, 4, 2, 0, 0, 0, 9, 9,
        9, 9, 8, 8, 6, 0, 0, 8, 0, 2, 1, 9, 6, 0, 0, 0, 8, 0, 9, 9,
        9, 9, 6, 0, 4, 6, 0, 0, 4, 0, 9, 0, 6, 0, 0, 0, 0, 0, 9, 9,
        9, 9, 4, 6, 0, 4, 8, 4, 0, 8, 1, 9, 0, 0, 8, 0, 0, 8, 9, 9,
        9, 9, 9, 9, 9, 9, 9, 9, 9, 9, 9, 9, 9, 9, 9, 9, 9, 9, 9, 9
      ]
    },
    {
      "no": "92",
      "width": 20,
      "height": 12,
      "map": [
        9, 9, 9, 9, 9, 9, 9, 9, 9, 9, 9, 9, 9, 9, 9, 9, 9, 9, 9, 9,
        9, 9, 1, 6, 8, 0, 2, 0, 2, 6, 0, 4, 0, 0, 0, 2, 7, 2, 9, 9,
        9, 9, 6, 0, 4, 8, 0, 2, 0, 8, 0, 2, 0, 6, 0, 0, 4, 0, 9, 9,
        9, 9, 9, 2, 0, 0, 8, 0, 0, 0, 6, 0, 4, 0, 8, 8, 4, 0, 9, 9,
        9, 9, 0, 0, 0, 6, 0, 4, 8, 8, 0, 2, 6, 0, 4, 4, 2, 0, 9, 9,
        9, 9, 0, 0, 6, 0, 0, 4, 0, 0, 4, 0, 0, 4, 0, 2, 2, 8, 9, 9,
        9, 9, 0, 8, 0, 2, 2, 0, 4, 6, 2, 6, 6, 0, 4, 0, 0, 0, 9, 9,
        9, 9, 0, 0, 0, 0, 0, 2, 8, 2, 0, 2, 0, 2, 0, 0, 8, 4, 9, 9,
        9, 9, 0, 0, 0, 0, 6, 0, 0, 4, 0, 0, 2, 0, 6, 0, 0, 4, 9, 9,
        9, 9, 8, 0, 0, 0, 6, 0, 4, 0, 0, 0, 0, 8, 6, 0, 4, 4, 9, 9,
        9, 9, 0, 8, 0, 8, 0, 9, 0, 9, 8, 2, 8, 8, 0, 8, 0, 0, 9, 9,
        9, 9, 9, 9, 9, 9, 9, 9, 9, 9, 9, 9, 9, 9, 9, 9, 9, 9, 9, 9
      ]
    },
    {
      "no": "93",
      "width": 20,
      "height": 12,
      "map": [
        9, 9, 9, 9, 9, 9, 9, 9, 9, 9, 9, 9, 9, 9, 9, 9, 9, 9, 9, 9,
        9, 9, 9, 0, 0, 0, 0, 0, 0, 0, 0, 2, 0, 0, 0, 0, 0, 4, 9, 9,
        9, 9, 2, 2, 2, 0, 2, 0, 0, 0, 6, 0, 4, 6, 0, 2, 4, 1, 9, 9,
        9, 9, 0, 2, 0, 0, 0, 0, 6, 4, 0, 8, 2, 6, 8, 0, 1, 7, 9, 9,
        9, 9, 0, 0, 0, 0, 0, 0, 0, 9, 8, 2, 6, 4, 0, 8, 0, 1, 9, 9,
        9, 9, 0, 0, 0, 1, 0, 4, 9, 1, 6, 0, 4, 9, 0, 4, 8, 0, 9, 9,
        9, 9, 8, 8, 0, 0, 8, 0, 2, 9, 2, 1, 8, 0, 0, 8, 0, 2, 9, 9,
        9, 9, 6, 0, 0, 0, 0, 0, 0, 4, 0, 2, 8, 0, 0, 0, 0, 0, 9, 9,
        9, 9, 0, 0, 0, 0, 0, 6, 0, 4, 8, 2, 2, 9, 0, 0, 0, 8, 9, 9,
        9, 9, 0, 0, 0, 0, 0, 0, 0, 0, 4, 0, 0, 4, 6, 0, 0, 4, 9, 9,
        9, 9, 9, 0, 0, 2, 0, 0, 0, 0, 0, 0, 8, 6, 0, 1, 4, 1, 9, 9,
        9, 9, 9, 9, 9, 9, 9, 9, 9, 9, 9, 9, 9, 9, 9, 9, 9, 9, 9, 9
      ]
    },
    {
      "no": "94",
      "width": 20,
      "height": 12,
      "map": [
        9, 9, 9, 9, 9, 9, 9, 9, 9, 9, 9, 9, 9, 9, 9, 9, 9, 9, 9, 9,
        9, 9, 1, 2, 0, 0, 2, 6, 2, 0, 2, 6, 4, 6, 0, 1, 7, 1, 9, 9,
        9, 9, 2, 0, 0, 6, 0, 0, 0, 6, 0, 4, 6, 0, 0, 0, 1, 0, 9, 9,
        9, 9, 0, 0, 0, 6, 6, 6, 0, 4, 0, 0, 2, 0, 8, 0, 0, 0, 9, 9,
        9, 9, 0, 0, 0, 0, 0, 2, 9, 6, 6, 0, 0, 8, 9, 9, 2, 0, 9, 9,
        9, 9, 8, 8, 2, 6, 4, 2, 6, 6, 2, 6, 4, 9, 2, 6, 0, 2, 9, 9,
        9, 9, 0, 0, 8, 6, 0, 0, 0, 0, 0, 0, 4, 0, 0, 0, 8, 0, 9, 9,
        9, 9, 6, 0, 0, 0, 4, 0, 0, 6, 0, 0, 0, 8, 0, 0, 0, 8, 9, 9,
        9, 9, 6, 6, 6, 0, 0, 0, 0, 0, 0, 9, 6, 0, 0, 0, 0, 0, 9, 9,
        9, 9, 9, 0, 0, 0, 0, 9, 0, 0, 8, 0, 0, 0, 8, 0, 0, 9, 9, 9,
        9, 9, 1, 6, 0, 0, 0, 0, 0, 4, 1, 6, 0, 0, 0, 0, 4, 1, 9, 9,
        9, 9, 9, 9, 9, 9, 9, 9, 9, 9, 9, 9, 9, 9, 9, 9, 9, 9, 9, 9
      ]
    },
    {
      "no": "95",
      "width": 20,
      "height": 12,
      "map": [
        9, 9, 9, 9, 9, 9, 9, 9, 9, 9, 9, 9, 9, 9, 9, 9, 9, 9, 9, 9,
        9, 9, 0, 0, 2, 0, 0, 0, 9, 2, 0, 0, 2, 9, 1, 6, 2, 1, 9, 9,
        9, 9, 0, 6, 0, 4, 0, 0, 0, 0, 0, 0, 2, 2, 6, 0, 0, 4, 9, 9,
        9, 9, 0, 2, 6, 0, 0, 6, 0, 0, 0, 0, 0, 6, 0, 4, 0, 8, 9, 9,
        9, 9, 9, 0, 0, 2, 0, 8, 2, 0, 0, 0, 8, 2, 0, 2, 8, 1, 9, 9,
        9, 9, 0, 6, 0, 0, 0, 2, 0, 0, 0, 6, 0, 0, 0, 4, 4, 9, 9, 9,
        9, 9, 6, 0, 4, 0, 0, 0, 8, 0, 0, 6, 0, 0, 4, 0, 0, 0, 9, 9,
        9, 9, 8, 0, 0, 0, 0, 0, 0, 4, 0, 6, 0, 0, 4, 0, 0, 0, 9, 9,
        9, 9, 0, 2, 0, 0, 6, 0, 4, 0, 0, 2, 0, 0, 4, 8, 8, 2, 9, 9,
        9, 9, 6, 0, 4, 0, 0, 8, 6, 0, 4, 0, 4, 6, 0, 0, 0, 0, 9, 9,
        9, 9, 7, 8, 0, 6, 0, 0, 0, 0, 6, 0, 4, 0, 8, 0, 0, 8, 9, 9,
        9, 9, 9, 9, 9, 9, 9, 9, 9, 9, 9, 9, 9, 9, 9, 9, 9, 9, 9, 9
      ]
    },
    {
      "no": "96",
      "width": 20,
      "height": 12,
      "map": [
        9, 9, 9, 9, 9, 9, 9, 9, 9, 9, 9, 9, 9, 9, 9, 9, 9, 9, 9, 9,
        9, 9, 1, 6, 0, 0, 0, 0, 4, 0, 0, 0, 0, 8, 0, 0, 0, 9, 9, 9,
        9, 9, 6, 0, 0, 0, 0, 4, 0, 0, 6, 0, 0, 0, 4, 0, 0, 0, 9, 9,
        9, 9, 0, 2, 9, 0, 9, 1, 9, 0, 0, 2, 0, 2, 2, 0, 2, 0, 9, 9,
        9, 9, 2, 0, 0, 2, 2, 9, 0, 9, 0, 6, 0, 0, 0, 0, 0, 0, 9, 9,
        9, 9, 2, 0, 2, 0, 6, 0, 4, 4, 0, 0, 8, 0, 8, 8, 0, 0, 9, 9,
        9, 9, 0, 0, 0, 0, 0, 6, 0, 4, 6, 0, 4, 0, 0, 0, 0, 4, 9, 9,
        9, 9, 0, 0, 0, 8, 9, 0, 0, 0, 9, 0, 0, 0, 4, 8, 8, 0, 9, 9,
        9, 9, 1, 0, 0, 2, 0, 0, 0, 9, 0, 0, 0, 8, 4, 0, 9, 0, 9, 9,
        9, 9, 1, 6, 0, 0, 0, 4, 4, 2, 6, 6, 0, 0, 0, 0, 0, 4, 9, 9,
        9, 9, 7, 0, 8, 8, 0, 8, 8, 8, 1, 9, 6, 0, 0, 0, 9, 1, 9, 9,
        9, 9, 9, 9, 9, 9, 9, 9, 9, 9, 9, 9, 9, 9, 9, 9, 9, 9, 9, 9
      ]
    },
    {
      "no": "97",
      "width": 20,
      "height": 12,
      "map": [
        9, 9, 9, 9, 9, 9, 9, 9, 9, 9, 9, 9, 9, 9, 9, 9, 9, 9, 9, 9,
        9, 9, 0, 0, 0, 2, 0, 0, 2, 0, 0, 2, 0, 4, 2, 2, 0, 4, 9, 9,
        9, 9, 6, 0, 0, 0, 0, 4, 0, 6, 0, 0, 4, 0, 0, 0, 0, 0, 9, 9,
        9, 9, 0, 0, 0, 0, 2, 0, 0, 0, 0, 0, 4, 0, 8, 8, 0, 0, 9, 9,
        9, 9, 6, 4, 2, 8, 0, 6, 0, 0, 0, 0, 0, 4, 2, 2, 8, 8, 9, 9,
        9, 9, 1, 6, 0, 6, 0, 0, 0, 0, 0, 0, 0, 0, 0, 0, 4, 0, 9, 9,
        9, 9, 6, 2, 8, 0, 0, 2, 0, 8, 8, 8, 0, 0, 0, 0, 0, 0, 9, 9,
        9, 9, 0, 0, 0, 6, 0, 0, 0, 4, 0, 6, 0, 0, 0, 0, 0, 4, 9, 9,
        9, 9, 9, 8, 0, 0, 0, 0, 0, 6, 0, 0, 4, 6, 0, 0, 0, 0, 9, 9,
        9, 9, 6, 0, 0, 4, 0, 8, 4, 0, 0, 0, 0, 0, 0, 0, 0, 4, 9, 9,
        9, 9, 6, 0, 0, 4, 8, 7, 6, 0, 0, 8, 0, 0, 0, 0, 0, 0, 9, 9,
        9, 9, 9, 9, 9, 9, 9, 9, 9, 9, 9, 9, 9, 9, 9, 9, 9, 9, 9, 9
      ]
    },
    {
      "no": "98",
      "width": 20,
      "height": 12,
      "map": [
        9, 9, 9, 9, 9, 9, 9, 9, 9, 9, 9, 9, 9, 9, 9, 9, 9, 9, 9, 9,
        9, 9, 1, 6, 0, 0, 4, 1, 6, 0, 0, 4, 1, 6, 0, 0, 4, 1, 9, 9,
        9, 9, 9, 8, 9, 2, 0, 9, 6, 0, 0, 4, 9, 0, 2, 9, 8, 9, 9, 9,
        9, 9, 4, 0, 0, 0, 0, 4, 2, 2, 2, 2, 6, 0, 0, 0, 0, 6, 9, 9,
        9, 9, 9, 6, 0, 0, 0, 0, 4, 0, 0, 6, 0, 0, 0, 0, 4, 9, 9, 9,
        9, 9, 1, 9, 2, 8, 6, 0, 0, 8, 8, 0, 0, 4, 8, 2, 9, 1, 9, 9,
        9, 9, 2, 0, 0, 6, 0, 0, 4, 7, 0, 6, 0, 0, 4, 0, 0, 2, 9, 9,
        9, 9, 0, 9, 0, 6, 0, 4, 0, 2, 2, 0, 6, 0, 4, 0, 9, 0, 9, 9,
        9, 9, 8, 6, 0, 0, 8, 0, 2, 0, 0, 2, 0, 8, 0, 0, 4, 8, 9, 9,
        9, 9, 8, 0, 8, 0, 6, 4, 0, 8, 8, 0, 6, 4, 0, 8, 0, 8, 9, 9,
        9, 9, 1, 6, 0, 4, 0, 1, 6, 0, 0, 4, 1, 0, 6, 0, 4, 1, 9, 9,
        9, 9, 9, 9, 9, 9, 9, 9, 9, 9, 9, 9, 9, 9, 9, 9, 9, 9, 9, 9
      ]
    },
    {
      "no": "99",
      "width": 20,
      "height": 12,
      "map": [
        9, 9, 9, 9, 9, 9, 9, 9, 9, 9, 9, 9, 9, 9, 9, 9, 9, 9, 9, 9,
        9, 9, 1, 9, 1, 6, 0, 4, 1, 1, 1, 1, 6, 0, 4, 1, 9, 1, 9, 9,
        9, 9, 6, 0, 4, 2, 2, 0, 9, 9, 9, 9, 0, 2, 2, 6, 0, 4, 9, 9,
        9, 9, 0, 2, 0, 0, 0, 8, 0, 4, 6, 0, 8, 0, 0, 0, 2, 0, 9, 9,
        9, 9, 0, 0, 2, 0, 6, 6, 0, 4, 6, 0, 4, 4, 0, 2, 0, 0, 9, 9,
        9, 9, 0, 0, 0, 6, 0, 4, 8, 7, 0, 8, 6, 0, 4, 0, 0, 0, 9, 9,
        9, 9, 0, 0, 0, 6, 0, 4, 2, 0, 0, 2, 6, 0, 4, 0, 0, 0, 9, 9,
        9, 9, 0, 0, 8, 0, 6, 6, 0, 4, 6, 0, 4, 4, 0, 8, 0, 0, 9, 9,
        9, 9, 0, 8, 0, 0, 0, 2, 0, 4, 6, 0, 2, 0, 0, 0, 8, 0, 9, 9,
        9, 9, 6, 0, 4, 8, 8, 0, 9, 9, 9, 9, 0, 8, 8, 6, 0, 4, 9, 9,
        9, 9, 1, 9, 1, 6, 0, 4, 1, 1, 1, 1, 6, 0, 4, 1, 9, 1, 9, 9,
        9, 9, 9, 9, 9, 9, 9, 9, 9, 9, 9, 9, 9, 9, 9, 9, 9, 9, 9, 9
      ]
    },
    {
      "no": "100",
      "width": 20,
      "height": 12,
      "map": [
        9, 9, 9, 9, 9, 9, 9, 9, 9, 9, 9, 9, 9, 9, 9, 9, 9, 9, 9, 9,
        9, 9, 1, 2, 8, 0, 0, 0, 4, 0, 0, 2, 0, 0, 9, 1, 9, 1, 9, 9,
        9, 9, 9, 0, 6, 0, 4, 0, 0, 4, 0, 0, 0, 6, 0, 6, 0, 4, 9, 9,
        9, 9, 1, 8, 0, 2, 6, 0, 0, 4, 0, 0, 6, 0, 0, 0, 2, 4, 9, 9,
        9, 9, 9, 0, 0, 0, 4, 0, 6, 0, 4, 0, 6, 0, 8, 4, 0, 0, 9, 9,
        9, 9, 2, 0, 0, 8, 0, 8, 0, 7, 2, 8, 0, 8, 0, 0, 8, 0, 9, 9,
        9, 9, 0, 2, 0, 0, 2, 0, 2, 8, 0, 0, 2, 0, 2, 0, 0, 8, 9, 9,
        9, 9, 0, 0, 6, 2, 0, 4, 0, 6, 0, 4, 0, 6, 0, 0, 0, 9, 9, 9,
        9, 9, 6, 8, 0, 0, 0, 4, 0, 0, 6, 0, 0, 4, 8, 0, 2, 1, 9, 9,
        9, 9, 6, 0, 4, 0, 4, 0, 0, 0, 6, 0, 0, 6, 0, 4, 0, 9, 9, 9,
        9, 9, 1, 9, 1, 9, 0, 0, 8, 0, 0, 6, 0, 0, 0, 2, 8, 1, 9, 9,
        9, 9, 9, 9, 9, 9, 9, 9, 9, 9, 9, 9, 9, 9, 9, 9, 9, 9, 9, 9
      ]
    },
    {
      "no": "101",
      "width": 20,
      "height": 12,
      "map": [
        9, 9, 9, 9, 9, 9, 9, 9, 9, 9, 9, 9, 9, 9, 9, 9, 9, 9, 9, 9,
        9, 9, 0, 7, 0, 0, 4, 4, 6, 6, 0, 8, 0, 0, 0, 0, 0, 0, 9, 9,
        9, 9, 0, 0, 0, 2, 1, 8, 1, 8, 0, 8, 0, 2, 0, 0, 0, 0, 9, 9,
        9, 9, 0, 0, 0, 2, 1, 1, 1, 1, 0, 8, 0, 2, 0, 0, 0, 0, 9, 9,
        9, 9, 0, 0, 0, 6, 6, 6, 1, 8, 0, 8, 4, 2, 0, 4, 4, 4, 9, 9,
        9, 9, 0, 0, 0, 1, 1, 1, 1, 1, 1, 1, 1, 2, 0, 1, 1, 1, 9, 9,
        9, 9, 0, 2, 6, 4, 6, 1, 0, 4, 6, 2, 2, 2, 0, 4, 4, 1, 9, 9,
        9, 9, 0, 8, 1, 1, 1, 1, 2, 1, 1, 2, 0, 0, 1, 0, 8, 0, 9, 9,
        9, 9, 0, 2, 1, 4, 4, 1, 2, 1, 1, 2, 0, 4, 4, 1, 4, 0, 9, 9,
        9, 9, 0, 8, 1, 1, 1, 1, 2, 1, 1, 2, 0, 0, 0, 4, 4, 0, 9, 9,
        9, 9, 0, 2, 0, 4, 4, 4, 6, 8, 1, 0, 6, 0, 0, 1, 1, 1, 9, 9,
        9, 9, 9, 9, 9, 9, 9, 9, 9, 9, 9, 9, 9, 9, 9, 9, 9, 9, 9, 9
      ]
    }
  ]
}
